batchNum,subjectID ,IBfamiliarity,age,ishihara,experimentName,path,browserName,browserInfo,displayWindowHeight,displayWindowWidth,displayScreenHeight,displayScreenWidth,totalTime,date,comments,prolificPID,studyID,sessionID
5,0,no,27,42,"2AFC IB Experiment - Mack and Rock, 4 Trials, Gray Background, Isoluminant Red or Blue Line Left/Right, Report Color",https://www.mn.perceptionresearch.org/IB_MackRock/E3,Chrome,87,900,1440,900,1440,141068.7,1/8/21,,5f87424260340512cd862e29,5ff86e5257f6ac0626c69670,5ff8849301781609f5d6d70c
5,1,no,59,42,"2AFC IB Experiment - Mack and Rock, 4 Trials, Gray Background, Isoluminant Red or Blue Line Left/Right, Report Color",https://www.mn.perceptionresearch.org/IB_MackRock/E3,Firefox,83,146,1440,900,1440,82423,1/8/21,,5d34de398f657e00150dd0d5,5ff86e5257f6ac0626c69670,5ff893f1b74a9b0ca772f2e2
5,2,no,36,42,"2AFC IB Experiment - Mack and Rock, 4 Trials, Gray Background, Isoluminant Red or Blue Line Left/Right, Report Color",https://www.mn.perceptionresearch.org/IB_MackRock/E3,Chrome,87,900,1600,720,1280,133395.7,1/8/21,Kind of fun!,5e7cc4fcbb2c2c30db10f483,5ff86e5257f6ac0626c69670,5ff892331257b60b43cd8a5b
5,3,no,32,42,"2AFC IB Experiment - Mack and Rock, 4 Trials, Gray Background, Isoluminant Red or Blue Line Left/Right, Report Color",https://www.mn.perceptionresearch.org/IB_MackRock/E3,Chrome,87,768,1366,768,1366,135662.35,1/8/21,Everything went well,5a01dc47728b1b0001ad8ac1,5ff86e5257f6ac0626c69670,5ff88f1b1d7d090bb2b3a0d3
5,4,yes,42,42,"2AFC IB Experiment - Mack and Rock, 4 Trials, Gray Background, Isoluminant Red or Blue Line Left/Right, Report Color",https://www.mn.perceptionresearch.org/IB_MackRock/E3,Chrome,87,1080,1920,1080,1920,118323.455,1/8/21,,5c5b38d5cca9e000010a07c4,5ff86e5257f6ac0626c69670,5ff8804c6017b708944860c3
5,5,no,65,42,"2AFC IB Experiment - Mack and Rock, 4 Trials, Gray Background, Isoluminant Red or Blue Line Left/Right, Report Color",https://www.mn.perceptionresearch.org/IB_MackRock/E3,Firefox,84,22,1536,864,1536,365365,1/8/21,,5e2b74daae56b71b9d24d89b,5ff86e5257f6ac0626c69670,5ff88f04a618410bc5d5c442
5,6,no,21,42,"2AFC IB Experiment - Mack and Rock, 4 Trials, Gray Background, Isoluminant Red or Blue Line Left/Right, Report Color",https://www.mn.perceptionresearch.org/IB_MackRock/E3,Chrome,87,1080,1920,1080,1920,112831.805,1/8/21,,5ea63190173fb765f87a89a8,5ff86e5257f6ac0626c69670,5ff88bef14e4270ad9ec3388
5,7,yes,23,42,"2AFC IB Experiment - Mack and Rock, 4 Trials, Gray Background, Isoluminant Red or Blue Line Left/Right, Report Color",https://www.mn.perceptionresearch.org/IB_MackRock/E3,Chrome,87,800,1280,800,1280,74807.695,1/8/21,,5dd0302f8cf2f9121a38a5d9,5ff86e5257f6ac0626c69670,5ff892297d5a4e0bb5d077e3
5,8,no,18,42,"2AFC IB Experiment - Mack and Rock, 4 Trials, Gray Background, Isoluminant Red or Blue Line Left/Right, Report Color",https://www.mn.perceptionresearch.org/IB_MackRock/E3,Chrome,87,768,1366,768,1366,76248.105,1/8/21,,5ebb5608ea8af31326a614dc,5ff86e5257f6ac0626c69670,5ff88e2a2fb33a0b4743f751
5,9,yes,35,42,"2AFC IB Experiment - Mack and Rock, 4 Trials, Gray Background, Isoluminant Red or Blue Line Left/Right, Report Color",https://www.mn.perceptionresearch.org/IB_MackRock/E3,Chrome,87,768,1366,768,1366,91652.8,1/8/21,,5d43b2ec71d6970016f668b2,5ff86e5257f6ac0626c69670,5ff8927faff50c0bbe5409de
5,10,yes,33,42,"2AFC IB Experiment - Mack and Rock, 4 Trials, Gray Background, Isoluminant Red or Blue Line Left/Right, Report Color",https://www.mn.perceptionresearch.org/IB_MackRock/E3,Chrome,87,900,1440,900,1440,117037.145,1/8/21,,5b4983840753d30001db8ab3,5ff86e5257f6ac0626c69670,5ff881f74024c1080953879a
5,11,no,30,42,"2AFC IB Experiment - Mack and Rock, 4 Trials, Gray Background, Isoluminant Red or Blue Line Left/Right, Report Color",https://www.mn.perceptionresearch.org/IB_MackRock/E3,Firefox,84,148,1920,1080,1920,76368,1/8/21,,5513256cfdf99b1607b1f47b,5ff86e5257f6ac0626c69670,5ff893a4072fe90b3edf27b0
5,12,yes,27,42,"2AFC IB Experiment - Mack and Rock, 4 Trials, Gray Background, Isoluminant Red or Blue Line Left/Right, Report Color",https://www.mn.perceptionresearch.org/IB_MackRock/E3,Chrome,87,800,1280,800,1280,84683.105,1/8/21,,5f7d4a2c5db79d21c7d07240,5ff86e5257f6ac0626c69670,5ff88917f7d7e70ad5eff5c3
5,13,no,22,42,"2AFC IB Experiment - Mack and Rock, 4 Trials, Gray Background, Isoluminant Red or Blue Line Left/Right, Report Color",https://www.mn.perceptionresearch.org/IB_MackRock/E3,Chrome,87,912,1368,912,1368,119638.545,1/8/21,,5e68218a1b3dbf0dce23f9c3,5ff86e5257f6ac0626c69670,5ff888e07d6f8909dac052ce
5,14,yes,48,42,"2AFC IB Experiment - Mack and Rock, 4 Trials, Gray Background, Isoluminant Red or Blue Line Left/Right, Report Color",https://www.mn.perceptionresearch.org/IB_MackRock/E3,Chrome,87,1080,1920,1080,1920,96503.205,1/8/21,,5731e4005b8b06000f7e36b3,5ff86e5257f6ac0626c69670,5ff890810d084e0b44b97977
5,15,yes,56,42,"2AFC IB Experiment - Mack and Rock, 4 Trials, Gray Background, Isoluminant Red or Blue Line Left/Right, Report Color",https://www.mn.perceptionresearch.org/IB_MackRock/E3,Chrome,87,1440,2560,1440,2560,140763.975,1/8/21,,59c41e340c5fc800011940f3,5ff86e5257f6ac0626c69670,5ff890c116d8cf0ae79d4f95
5,16,yes,36,42,"2AFC IB Experiment - Mack and Rock, 4 Trials, Gray Background, Isoluminant Red or Blue Line Left/Right, Report Color",https://www.mn.perceptionresearch.org/IB_MackRock/E3,Chrome,87,1080,1920,1080,1920,105506.185,1/8/21,white on light grey text isn't easy to read,5f15d34f7ef0250e705b746c,5ff86e5257f6ac0626c69670,5ff8918a3bd20c0d1e6e1bb0
5,17,yes,25,42,"2AFC IB Experiment - Mack and Rock, 4 Trials, Gray Background, Isoluminant Red or Blue Line Left/Right, Report Color",https://www.mn.perceptionresearch.org/IB_MackRock/E3,Chrome,87,768,1366,768,1366,107452.255,1/8/21,,5e5323c8c9f6063449ad9f00,5ff86e5257f6ac0626c69670,5ff890914562ef0c19a088a3
5,18,no,34,42,"2AFC IB Experiment - Mack and Rock, 4 Trials, Gray Background, Isoluminant Red or Blue Line Left/Right, Report Color",https://www.mn.perceptionresearch.org/IB_MackRock/E3,Chrome,87,900,1600,900,1600,113546.285,1/8/21,,5e2de92d8844873da01af947,5ff86e5257f6ac0626c69670,5ff8932a4391180cb1dc6202
5,19,no,52,42,"2AFC IB Experiment - Mack and Rock, 4 Trials, Gray Background, Isoluminant Red or Blue Line Left/Right, Report Color",https://www.mn.perceptionresearch.org/IB_MackRock/E3,Chrome,87,768,1366,768,1366,140531.265,1/8/21,Thanks stay safe and good luck with your work,5a6d3a19e6cc4a0001b6c47a,5ff86e5257f6ac0626c69670,5ff891860e2bdf0c3aeae3d4
5,20,no,48,42,"2AFC IB Experiment - Mack and Rock, 4 Trials, Gray Background, Isoluminant Red or Blue Line Left/Right, Report Color",https://www.mn.perceptionresearch.org/IB_MackRock/E3,Chrome,87,800,1280,800,1280,182489.98,1/8/21,"Nothing comes to mind, thanks.",5f1f2c053dd3620d41353827,5ff86e5257f6ac0626c69670,5ff893b524c6e00b2edc5a60
5,21,yes,24,42,"2AFC IB Experiment - Mack and Rock, 4 Trials, Gray Background, Isoluminant Red or Blue Line Left/Right, Report Color",https://www.mn.perceptionresearch.org/IB_MackRock/E3,Safari,605,900,1440,900,1440,76375,1/8/21,,5c45263e5aca820001f7828e,5ff86e5257f6ac0626c69670,5ff88f0dfaf88d0c33fdf031
5,22,no,24,42,"2AFC IB Experiment - Mack and Rock, 4 Trials, Gray Background, Isoluminant Red or Blue Line Left/Right, Report Color",https://www.mn.perceptionresearch.org/IB_MackRock/E3,Chrome,87,722,1536,864,1536,64462.815,1/8/21,submit,5ae15492eb6040000153ca53,5ff86e5257f6ac0626c69670,5ff88b2dc4421609d84728d5
5,23,no,28,42,"2AFC IB Experiment - Mack and Rock, 4 Trials, Gray Background, Isoluminant Red or Blue Line Left/Right, Report Color",https://www.mn.perceptionresearch.org/IB_MackRock/E3,Chrome,85,720,1280,864,1536,87402.185,1/8/21,,5a98c205dbdb470001eed614,5ff86e5257f6ac0626c69670,5ff89385f10b9b0ca9414e48
5,24,no,18,42,"2AFC IB Experiment - Mack and Rock, 4 Trials, Gray Background, Isoluminant Red or Blue Line Left/Right, Report Color",https://www.mn.perceptionresearch.org/IB_MackRock/E3,Chrome,87,768,1366,768,1366,76240.025,1/8/21,,5ebb5608ea8af31326a614dc,5ff86e5257f6ac0626c69670,5ff88e2a2fb33a0b4743f751
5,25,yes,25,42,"2AFC IB Experiment - Mack and Rock, 4 Trials, Gray Background, Isoluminant Red or Blue Line Left/Right, Report Color",https://www.mn.perceptionresearch.org/IB_MackRock/E3,Chrome,87,768,1366,768,1366,80784.74,1/8/21,N/A,5e3efbdf8c5c2015bfcdf4f2,5ff86e5257f6ac0626c69670,5ff8896b840bed09d51d79eb
5,26,no,32,0,"2AFC IB Experiment - Mack and Rock, 4 Trials, Gray Background, Isoluminant Red or Blue Line Left/Right, Report Color",https://www.mn.perceptionresearch.org/IB_MackRock/E3,Chrome,87,695,1366,768,1366,174688.45,1/8/21,,5faa8b0c9376e23e3061ae9f,5ff86e5257f6ac0626c69670,5ff88824efae6a0a6212ce02
5,27,no,25,42,"2AFC IB Experiment - Mack and Rock, 4 Trials, Gray Background, Isoluminant Red or Blue Line Left/Right, Report Color",https://www.mn.perceptionresearch.org/IB_MackRock/E3,Chrome,87,864,1536,864,1536,129991.455,1/8/21,,5f11e741f704d30d219a2cf6,5ff86e5257f6ac0626c69670,5ff88561a5b8ef087f8123de
5,28,yes,28,42,"2AFC IB Experiment - Mack and Rock, 4 Trials, Gray Background, Isoluminant Red or Blue Line Left/Right, Report Color",https://www.mn.perceptionresearch.org/IB_MackRock/E3,Chrome,87,1080,1920,1080,1920,62080.375,1/8/21,,542473a4fdf99b691fb38455,5ff86e5257f6ac0626c69670,5ff88e5518f1a60b445f2e95
5,29,no,61,42,"2AFC IB Experiment - Mack and Rock, 4 Trials, Gray Background, Isoluminant Red or Blue Line Left/Right, Report Color",https://www.mn.perceptionresearch.org/IB_MackRock/E3,Firefox,84,144,1920,1080,1920,151813,1/8/21,kind of hard at my age as the screens blinked off in a second,5bef6c2b1305fe0001d56ba2,5ff86e5257f6ac0626c69670,5ff89163dcae1e0bc4f59d41
5,30,no,42,42,"2AFC IB Experiment - Mack and Rock, 4 Trials, Gray Background, Isoluminant Red or Blue Line Left/Right, Report Color",https://www.mn.perceptionresearch.org/IB_MackRock/E3,Chrome,76,768,1366,768,1366,114193.865,1/8/21,,5ddaf3a3144b51a639681a4b,5ff86e5257f6ac0626c69670,5ff88978c73c710a4e6c602b
5,31,,,,"2AFC IB Experiment - Mack and Rock, 4 Trials, Gray Background, Isoluminant Red or Blue Line Left/Right, Report Color",https://www.mn.perceptionresearch.org/IB_MackRock/E3,Chrome,87,800,1280,800,1280,64964.8,1/8/21,Using tablet,5c3ddaaf6a4ade00011a3ef2,5ff86e5257f6ac0626c69670,5ff886bb7eb14609e294e8d3
5,32,no,33,42,"2AFC IB Experiment - Mack and Rock, 4 Trials, Gray Background, Isoluminant Red or Blue Line Left/Right, Report Color",https://www.mn.perceptionresearch.org/IB_MackRock/E3,Chrome,87,1080,1920,1080,1920,138051.9,1/8/21,,5f6a4cbc4c594f0edbc74f35,5ff86e5257f6ac0626c69670,5ff890c92f34350bae52ba5b
5,33,no,25,42,"2AFC IB Experiment - Mack and Rock, 4 Trials, Gray Background, Isoluminant Red or Blue Line Left/Right, Report Color",https://www.mn.perceptionresearch.org/IB_MackRock/E3,Firefox,56,148,1920,1080,1920,68485.38,1/8/21,,5c0262307e7bca000123e41b,5ff86e5257f6ac0626c69670,5ff893e0b452670c41a2a19a
5,34,yes,43,42,"2AFC IB Experiment - Mack and Rock, 4 Trials, Gray Background, Isoluminant Red or Blue Line Left/Right, Report Color",https://www.mn.perceptionresearch.org/IB_MackRock/E3,Chrome,87,720,1280,720,1280,200638.19,1/8/21,,5efd7de0d061691cffc4f6a9,5ff86e5257f6ac0626c69670,5ff887144d10520971ac3ce1
5,35,yes,44,42,"2AFC IB Experiment - Mack and Rock, 4 Trials, Gray Background, Isoluminant Red or Blue Line Left/Right, Report Color",https://www.mn.perceptionresearch.org/IB_MackRock/E3,Chrome,87,1080,1920,1080,1920,94944.18,1/8/21,,5e2fb94ce0512d563ef46990,5ff86e5257f6ac0626c69670,5ff88447431f5009e534954e
5,36,yes,38,42,"2AFC IB Experiment - Mack and Rock, 4 Trials, Gray Background, Isoluminant Red or Blue Line Left/Right, Report Color",https://www.mn.perceptionresearch.org/IB_MackRock/E3,Chrome,87,720,1280,720,1280,132893.64,1/8/21,,5f4ef4fdebe77d15302feba6,5ff86e5257f6ac0626c69670,5ff8911cf952970bc303f973
5,37,no,54,42,"2AFC IB Experiment - Mack and Rock, 4 Trials, Gray Background, Isoluminant Red or Blue Line Left/Right, Report Color",https://www.mn.perceptionresearch.org/IB_MackRock/E3,Chrome,87,960,1707,720,1280,146243.575,1/8/21,fun survey!,5bd893be30bfa90001efc6ce,5ff86e5257f6ac0626c69670,5ff887c034750a09e3405377
5,38,no,33,42,"2AFC IB Experiment - Mack and Rock, 4 Trials, Gray Background, Isoluminant Red or Blue Line Left/Right, Report Color",https://www.mn.perceptionresearch.org/IB_MackRock/E3,Chrome,87,768,1366,768,1366,92772.37,1/8/21,,5f7cac5836bfca11a41e047e,5ff86e5257f6ac0626c69670,5ff8914bf7d7e70bc63ec201
5,39,no,33,42,"2AFC IB Experiment - Mack and Rock, 4 Trials, Gray Background, Isoluminant Red or Blue Line Left/Right, Report Color",https://www.mn.perceptionresearch.org/IB_MackRock/E3,Firefox,84,22,1920,1080,1920,165911,1/8/21,,5db314fa666c57000ee3adcb,5ff86e5257f6ac0626c69670,5ff8892b0178160982c6265f
5,40,no,21,42,"2AFC IB Experiment - Mack and Rock, 4 Trials, Gray Background, Isoluminant Red or Blue Line Left/Right, Report Color",https://www.mn.perceptionresearch.org/IB_MackRock/E3,Chrome,87,1080,1920,1080,1920,68868.555,1/8/21,,5fa1d563b1145023175f6347,5ff86e5257f6ac0626c69670,5ff88c9c3cba8e0b610bd94b
5,41,no,38,42,"2AFC IB Experiment - Mack and Rock, 4 Trials, Gray Background, Isoluminant Red or Blue Line Left/Right, Report Color",https://www.mn.perceptionresearch.org/IB_MackRock/E3,Chrome,87,720,1280,720,1280,128253.555,1/8/21,"nothing
",5f640c3d5bc1fc18e4203ae5,5ff86e5257f6ac0626c69670,5ff88f4d0e74de0bba873d6f
5,42,yes,24,42,"2AFC IB Experiment - Mack and Rock, 4 Trials, Gray Background, Isoluminant Red or Blue Line Left/Right, Report Color",https://www.mn.perceptionresearch.org/IB_MackRock/E3,Chrome,87,800,1280,800,1280,86709.95,1/8/21,,5ebbfc3729e14e0372002deb,5ff86e5257f6ac0626c69670,5ff88cdc81dc030a5e734193
5,43,yes,38,42,"2AFC IB Experiment - Mack and Rock, 4 Trials, Gray Background, Isoluminant Red or Blue Line Left/Right, Report Color",https://www.mn.perceptionresearch.org/IB_MackRock/E3,Chrome,87,1080,1920,1080,1920,86081.77,1/8/21,,5fc2713c34a63d41c901750b,5ff86e5257f6ac0626c69670,5ff8934c7613840c9e7c8946
5,44,no,34,42,"2AFC IB Experiment - Mack and Rock, 4 Trials, Gray Background, Isoluminant Red or Blue Line Left/Right, Report Color",https://www.mn.perceptionresearch.org/IB_MackRock/E3,Chrome,87,1080,1920,1080,1920,52625.78,1/8/21,,5cfe79d535026c001a0d829c,5ff86e5257f6ac0626c69670,5ff88a1af54f830a5f8b1879
5,45,yes,40,8,"2AFC IB Experiment - Mack and Rock, 4 Trials, Gray Background, Isoluminant Red or Blue Line Left/Right, Report Color",https://www.mn.perceptionresearch.org/IB_MackRock/E3,Chrome,87,900,1440,900,1440,111973.485,1/8/21,,5c75419284e176001254c7a5,5ff86e5257f6ac0626c69670,5ff893e0a93bbc0c3913ae59
5,46,no,21,42,"2AFC IB Experiment - Mack and Rock, 4 Trials, Gray Background, Isoluminant Red or Blue Line Left/Right, Report Color",https://www.mn.perceptionresearch.org/IB_MackRock/E3,Chrome,87,768,1366,768,1366,111268.525,1/8/21,,5c054e8a553fb800011917d7,5ff86e5257f6ac0626c69670,5ff893589f655e0c28285f35
5,47,yes,60,42,"2AFC IB Experiment - Mack and Rock, 4 Trials, Gray Background, Isoluminant Red or Blue Line Left/Right, Report Color",https://www.mn.perceptionresearch.org/IB_MackRock/E3,Chrome,87,1080,1920,1080,1920,112644.305,1/8/21,,577f70d1454e5400015f1845,5ff86e5257f6ac0626c69670,5ff893124d10520c3becc6e5
5,48,no,36,42,"2AFC IB Experiment - Mack and Rock, 4 Trials, Gray Background, Isoluminant Red or Blue Line Left/Right, Report Color",https://www.mn.perceptionresearch.org/IB_MackRock/E3,Chrome,87,1080,1920,1080,1920,69946.365,1/8/21,,5dbe5988c486793536a04f61,5ff86e5257f6ac0626c69670,5ff8850bfaa0da08ddb68334
5,49,yes,18,42,"2AFC IB Experiment - Mack and Rock, 4 Trials, Gray Background, Isoluminant Red or Blue Line Left/Right, Report Color",https://www.mn.perceptionresearch.org/IB_MackRock/E3,Chrome,87,1440,2560,1440,2560,78433.815,1/8/21,,5eb058cf282a770e8f739a15,5ff86e5257f6ac0626c69670,5ff891bb4792940bbd9c9050
5,50,no,54,42,"2AFC IB Experiment - Mack and Rock, 4 Trials, Gray Background, Isoluminant Red or Blue Line Left/Right, Report Color",https://www.mn.perceptionresearch.org/IB_MackRock/E3,Chrome,87,1080,1920,1080,1920,94940.09,1/8/21,,5c7307403065320001bdf00f,5ff86e5257f6ac0626c69670,5ff88c7c0d1cfa0ad377a7fb
5,51,no,38,42,"2AFC IB Experiment - Mack and Rock, 4 Trials, Gray Background, Isoluminant Red or Blue Line Left/Right, Report Color",https://www.mn.perceptionresearch.org/IB_MackRock/E3,Chrome,84,768,1366,768,1366,94965.475,1/8/21,,5f3d1db8a6057b0217f30a13,5ff86e5257f6ac0626c69670,5ff89a476c0abd0d06222c4c
5,52,yes,34,42,"2AFC IB Experiment - Mack and Rock, 4 Trials, Gray Background, Isoluminant Red or Blue Line Left/Right, Report Color",https://www.mn.perceptionresearch.org/IB_MackRock/E3,Chrome,87,900,1600,900,1600,52884.66,1/8/21,,5d464588da9cb60015aa454e,5ff86e5257f6ac0626c69670,5ff891cfefae6a0bccc948a0
5,53,no,61,42,"2AFC IB Experiment - Mack and Rock, 4 Trials, Gray Background, Isoluminant Red or Blue Line Left/Right, Report Color",https://www.mn.perceptionresearch.org/IB_MackRock/E3,Chrome,87,706,1254,705,1254,129484.535,1/8/21,,5be781ca3b047e0001a39e47,5ff86e5257f6ac0626c69670,5ff890d66483da0c2d747971
5,54,no,26,42,"2AFC IB Experiment - Mack and Rock, 4 Trials, Gray Background, Isoluminant Red or Blue Line Left/Right, Report Color",https://www.mn.perceptionresearch.org/IB_MackRock/E3,Chrome,87,900,1440,900,1440,88186.665,1/8/21,,5e654c6dc302df2ce7b2ef91,5ff86e5257f6ac0626c69670,5ff87cdf3cba8e081b9e8828
5,55,no,33,?,"2AFC IB Experiment - Mack and Rock, 4 Trials, Gray Background, Isoluminant Red or Blue Line Left/Right, Report Color",https://www.mn.perceptionresearch.org/IB_MackRock/E3,Chrome,81,900,1440,900,1440,115619.725,1/8/21,,5ee3c11471f86b07e7c1fc46,5ff86e5257f6ac0626c69670,5ff892fafd90900cb5b03100
5,56,no,51,42,"2AFC IB Experiment - Mack and Rock, 4 Trials, Gray Background, Isoluminant Red or Blue Line Left/Right, Report Color",https://www.mn.perceptionresearch.org/IB_MackRock/E3,Firefox,84,148,1920,1200,1920,92922,1/8/21,,5c3b8e621ede2b00011604a9,5ff86e5257f6ac0626c69670,5ff891aab591c60b54a08a9e
5,57,yes,48,42,"2AFC IB Experiment - Mack and Rock, 4 Trials, Gray Background, Isoluminant Red or Blue Line Left/Right, Report Color",https://www.mn.perceptionresearch.org/IB_MackRock/E3,Chrome,87,1023,1920,1023,1920,85039.665,1/8/21,Thank you!,5e84765c7206730182a6f738,5ff86e5257f6ac0626c69670,5ff88e8232fb790b56f10199
5,58,yes,20,48,"2AFC IB Experiment - Mack and Rock, 4 Trials, Gray Background, Isoluminant Red or Blue Line Left/Right, Report Color",https://www.mn.perceptionresearch.org/IB_MackRock/E3,Chrome,87,768,1366,768,1366,102797.645,1/8/21,,5bf720e60b616400019c6c6c,5ff86e5257f6ac0626c69670,5ff889577003b60b515a4110
5,59,no,36,42,"2AFC IB Experiment - Mack and Rock, 4 Trials, Gray Background, Isoluminant Red or Blue Line Left/Right, Report Color",https://www.mn.perceptionresearch.org/IB_MackRock/E3,Firefox,84,148,1280,1024,1280,110712,1/8/21,,5b1e01f14c72120001f22694,5ff86e5257f6ac0626c69670,5ff88f4615d1bf0b9b737643
5,60,yes,31,42,"2AFC IB Experiment - Mack and Rock, 4 Trials, Gray Background, Isoluminant Red or Blue Line Left/Right, Report Color",https://www.mn.perceptionresearch.org/IB_MackRock/E3,Chrome,87,900,1440,900,1440,67978.405,1/8/21,,5e208482d53585397ac17440,5ff86e5257f6ac0626c69670,5ff88e97142d520ae08a0b9f
5,61,yes,40,8,"2AFC IB Experiment - Mack and Rock, 4 Trials, Gray Background, Isoluminant Red or Blue Line Left/Right, Report Color",https://www.mn.perceptionresearch.org/IB_MackRock/E3,Chrome,87,900,1440,900,1440,111984.245,1/8/21,,5c75419284e176001254c7a5,5ff86e5257f6ac0626c69670,5ff893e0a93bbc0c3913ae59
5,62,no,48,42,"2AFC IB Experiment - Mack and Rock, 4 Trials, Gray Background, Isoluminant Red or Blue Line Left/Right, Report Color",https://www.mn.perceptionresearch.org/IB_MackRock/E3,Chrome,87,1080,1920,1080,1920,163854.77,1/8/21,,5dba53eec07b5f093edebdd2,5ff86e5257f6ac0626c69670,5ff8935460e8b20c35007146
5,63,no,44,42,"2AFC IB Experiment - Mack and Rock, 4 Trials, Gray Background, Isoluminant Red or Blue Line Left/Right, Report Color",https://www.mn.perceptionresearch.org/IB_MackRock/E3,Chrome,87,1080,1920,1080,1920,184578.835,1/8/21,i didn't notice the line. I think red would have stood out more so I guessed blue,5dd6f85386c88669e5b7543e,5ff86e5257f6ac0626c69670,5ff89188d1a7a00c34e9e7fc
5,64,no,18,42,"2AFC IB Experiment - Mack and Rock, 4 Trials, Gray Background, Isoluminant Red or Blue Line Left/Right, Report Color",https://www.mn.perceptionresearch.org/IB_MackRock/E3,Chrome,87,768,1366,768,1366,413033.74,1/8/21,,5efd4c31f2d6f818d719f948,5ff86e5257f6ac0626c69670,5ff87e1f7230960868534bb9
5,65,yes,20,42,"2AFC IB Experiment - Mack and Rock, 4 Trials, Gray Background, Isoluminant Red or Blue Line Left/Right, Report Color",https://www.mn.perceptionresearch.org/IB_MackRock/E3,Chrome,87,1080,1920,1080,1920,44442.895,1/8/21,,5d31391ff53a400018ed21aa,5ff86e5257f6ac0626c69670,5ff893ce18f1a60caa5b6f30
5,66,no,33,42,"2AFC IB Experiment - Mack and Rock, 4 Trials, Gray Background, Isoluminant Red or Blue Line Left/Right, Report Color",https://www.mn.perceptionresearch.org/IB_MackRock/E3,Chrome,87,900,1440,900,1440,108079.025,1/8/21,,5e93c83118ca6c72bfa35b1b,5ff86e5257f6ac0626c69670,5ff88ad61e1e1d0a403ce2b4
5,67,no,22,42,"2AFC IB Experiment - Mack and Rock, 4 Trials, Gray Background, Isoluminant Red or Blue Line Left/Right, Report Color",https://www.mn.perceptionresearch.org/IB_MackRock/E3,Firefox,84,148,1920,1080,1920,94932,1/8/21,,5ecbecaf5d5a2e797beced09,5ff86e5257f6ac0626c69670,5ff88dab0d084e0a5e52b48e
5,68,yes,48,4,"2AFC IB Experiment - Mack and Rock, 4 Trials, Gray Background, Isoluminant Red or Blue Line Left/Right, Report Color",https://www.mn.perceptionresearch.org/IB_MackRock/E3,Chrome,87,720,1280,720,1280,165593.83,1/8/21,,5e906f408827463770e97bfc,5ff86e5257f6ac0626c69670,5ff892a0c73c710cb808d99d
5,69,no,23,42,"2AFC IB Experiment - Mack and Rock, 4 Trials, Gray Background, Isoluminant Red or Blue Line Left/Right, Report Color",https://www.mn.perceptionresearch.org/IB_MackRock/E3,Chrome,87,1080,1920,1080,1920,113635.125,1/8/21,,5f9721cb09fc230a61d63733,5ff86e5257f6ac0626c69670,5ff893830d084e0c397af933
5,70,yes,20,42,"2AFC IB Experiment - Mack and Rock, 4 Trials, Gray Background, Isoluminant Red or Blue Line Left/Right, Report Color",https://www.mn.perceptionresearch.org/IB_MackRock/E3,Chrome,87,900,1440,900,1440,79071.41,1/8/21,,5fd79ed766f35410a7bb2e6d,5ff86e5257f6ac0626c69670,5ff892482fb33a0c3f6deb18
5,71,no,25,42,"2AFC IB Experiment - Mack and Rock, 4 Trials, Gray Background, Isoluminant Red or Blue Line Left/Right, Report Color",https://www.mn.perceptionresearch.org/IB_MackRock/E3,Chrome,87,1080,1920,1080,1920,83705.13,1/8/21,,5f75f66541d27f011212af83,5ff86e5257f6ac0626c69670,5ff892bda301640c2f12cc57
5,72,no,23,42,"2AFC IB Experiment - Mack and Rock, 4 Trials, Gray Background, Isoluminant Red or Blue Line Left/Right, Report Color",https://www.mn.perceptionresearch.org/IB_MackRock/E3,Chrome,87,1080,1920,1080,1920,113630.885,1/8/21,,5f9721cb09fc230a61d63733,5ff86e5257f6ac0626c69670,5ff893830d084e0c397af933
5,73,no,24,42,"2AFC IB Experiment - Mack and Rock, 4 Trials, Gray Background, Isoluminant Red or Blue Line Left/Right, Report Color",https://www.mn.perceptionresearch.org/IB_MackRock/E3,Firefox,84,148,1366,768,1366,113269,1/8/21,,5f5fc8153ba37c07caa9b45e,5ff86e5257f6ac0626c69670,5ff88993de0ea20a5b8d58a8
5,74,no,53,42,"2AFC IB Experiment - Mack and Rock, 4 Trials, Gray Background, Isoluminant Red or Blue Line Left/Right, Report Color",https://www.mn.perceptionresearch.org/IB_MackRock/E3,Chrome,87,864,1536,864,1536,112699.09,1/8/21,,5f59c423d0f7be000a1fa330,5ff86e5257f6ac0626c69670,5ff8930afaa0da0c26eaf84e
5,75,no,46,42,"2AFC IB Experiment - Mack and Rock, 4 Trials, Gray Background, Isoluminant Red or Blue Line Left/Right, Report Color",https://www.mn.perceptionresearch.org/IB_MackRock/E3,Chrome,86,768,1366,768,1366,197519.21,1/8/21,,5dce9b3ffb175d1013396acf,5ff86e5257f6ac0626c69670,5ff890f4e9ac620b5afea4ad
5,76,yes,27,42,"2AFC IB Experiment - Mack and Rock, 4 Trials, Gray Background, Isoluminant Red or Blue Line Left/Right, Report Color",https://www.mn.perceptionresearch.org/IB_MackRock/E3,Chrome,87,1080,1920,1080,1920,63801.875,1/8/21,,5c535974b7cf140001d308d3,5ff86e5257f6ac0626c69670,5ff88ffe8f00050bb8287565
5,77,yes,26,42,"2AFC IB Experiment - Mack and Rock, 4 Trials, Gray Background, Isoluminant Red or Blue Line Left/Right, Report Color",https://www.mn.perceptionresearch.org/IB_MackRock/E3,Chrome,87,768,1366,768,1366,122882,1/8/21,,5cf25067f007790001bb0bea,5ff86e5257f6ac0626c69670,5ff8905bd2ca6f0c2906ea63
5,78,no,42,42,"2AFC IB Experiment - Mack and Rock, 4 Trials, Gray Background, Isoluminant Red or Blue Line Left/Right, Report Color",https://www.mn.perceptionresearch.org/IB_MackRock/E3,Firefox,84,22,1366,768,1366,184175,1/8/21,Nice,5f16f776655be80008c1e04c,5ff86e5257f6ac0626c69670,5ff8933bf54f830cad76ce34
5,79,,,,"2AFC IB Experiment - Mack and Rock, 4 Trials, Gray Background, Isoluminant Red or Blue Line Left/Right, Report Color",https://www.mn.perceptionresearch.org/IB_MackRock/E3,Chrome,87,867,412,867,412,58667.8,1/8/21,,5f55584f7a2c9112c6207cb2,5ff86e5257f6ac0626c69670,5ff8936015d1bf0d0b3bc237
5,80,yes,18,42,"2AFC IB Experiment - Mack and Rock, 4 Trials, Gray Background, Isoluminant Red or Blue Line Left/Right, Report Color",https://www.mn.perceptionresearch.org/IB_MackRock/E3,Chrome,87,937,1920,1080,1920,122866.44,1/8/21,"I'm still not sure if there was ever an extra line shown, so if there was, it's quite interesting that I didn't see it!",5eeb300af2c6c40186eadb3d,5ff86e5257f6ac0626c69670,5ff892077d6f890c9d442f70
5,81,yes,26,42,"2AFC IB Experiment - Mack and Rock, 4 Trials, Gray Background, Isoluminant Red or Blue Line Left/Right, Report Color",https://www.mn.perceptionresearch.org/IB_MackRock/E3,Chrome,87,1080,1920,1080,1920,66386.935,1/8/21,,5f36b1648baa000afc0e8606,5ff86e5257f6ac0626c69670,5ff88d827eb1460adfaf02c9
5,82,yes,24,42,"2AFC IB Experiment - Mack and Rock, 4 Trials, Gray Background, Isoluminant Red or Blue Line Left/Right, Report Color",https://www.mn.perceptionresearch.org/IB_MackRock/E3,Chrome,87,1024,1280,1024,1280,89081.59,1/8/21,,5f0914dfa0aef21981deb5a8,5ff86e5257f6ac0626c69670,5ff884e0faa0da08ddb68332
5,83,no,28,42,"2AFC IB Experiment - Mack and Rock, 4 Trials, Gray Background, Isoluminant Red or Blue Line Left/Right, Report Color",https://www.mn.perceptionresearch.org/IB_MackRock/E3,Chrome,87,720,1280,720,1280,115969.07,1/8/21,,5fc50c78a62b160ac5f58e2e,5ff86e5257f6ac0626c69670,5ff8934781dc030cb287d165
5,84,yes,22,42,"2AFC IB Experiment - Mack and Rock, 4 Trials, Gray Background, Isoluminant Red or Blue Line Left/Right, Report Color",https://www.mn.perceptionresearch.org/IB_MackRock/E3,Chrome,87,800,1280,800,1280,87420.715,1/8/21,,5e52d26eac9ed12f76c64417,5ff86e5257f6ac0626c69670,5ff88f094024c10b0d5d423f
5,85,no,45,42,"2AFC IB Experiment - Mack and Rock, 4 Trials, Gray Background, Isoluminant Red or Blue Line Left/Right, Report Color",https://www.mn.perceptionresearch.org/IB_MackRock/E3,Firefox,84,148,2560,1440,2560,217418,1/8/21,,5c511ead2423780001086a92,5ff86e5257f6ac0626c69670,5ff893a70d084e0c397af936
5,86,yes,20,42,"2AFC IB Experiment - Mack and Rock, 4 Trials, Gray Background, Isoluminant Red or Blue Line Left/Right, Report Color",https://www.mn.perceptionresearch.org/IB_MackRock/E3,Chrome,87,1080,1920,1080,1920,70508.565,1/8/21,,5f49b6b9f565ad530b42947f,5ff86e5257f6ac0626c69670,5ff88a966561480ac7fbfadd
5,87,yes,31,42,"2AFC IB Experiment - Mack and Rock, 4 Trials, Gray Background, Isoluminant Red or Blue Line Left/Right, Report Color",https://www.mn.perceptionresearch.org/IB_MackRock/E3,Chrome,87,864,1536,864,1536,136586.405,1/8/21,This was intriguing. I am curious what correlations you might find through this.,5ce4c4ea209b8a001a6e3c11,5ff86e5257f6ac0626c69670,5ff88c67fd90900b514736e7
5,88,no,45,42,"2AFC IB Experiment - Mack and Rock, 4 Trials, Gray Background, Isoluminant Red or Blue Line Left/Right, Report Color",https://www.mn.perceptionresearch.org/IB_MackRock/E3,Firefox,84,146,1536,864,1536,434845,1/8/21,I feel comfortable.,5f63605e69623f015f22eec4,5ff86e5257f6ac0626c69670,5ff8928e4092560cc0d9fd0d
5,89,yes,23,42,"2AFC IB Experiment - Mack and Rock, 4 Trials, Gray Background, Isoluminant Red or Blue Line Left/Right, Report Color",https://www.mn.perceptionresearch.org/IB_MackRock/E3,Chrome,87,720,1280,720,1280,98386.46,1/8/21,,5fcd8a3c239558cb2ed23c19,5ff86e5257f6ac0626c69670,5ff8936c4db3aa0bb64d0376
5,90,yes,25,42,"2AFC IB Experiment - Mack and Rock, 4 Trials, Gray Background, Isoluminant Red or Blue Line Left/Right, Report Color",https://www.mn.perceptionresearch.org/IB_MackRock/E3,Chrome,71,864,1536,864,1536,108936.5,1/8/21,,5f9470fc5f7ebd2a762c51bc,5ff86e5257f6ac0626c69670,5ff88c78643cdf0ac83b2c06
5,91,no,37,42,"2AFC IB Experiment - Mack and Rock, 4 Trials, Gray Background, Isoluminant Red or Blue Line Left/Right, Report Color",https://www.mn.perceptionresearch.org/IB_MackRock/E3,Firefox,84,148,1280,1024,1280,125810,1/8/21,,5f523f45e29c994ab5242eb1,5ff86e5257f6ac0626c69670,5ff8924ed424e60ccbb02fe1
5,92,no,38,42,"2AFC IB Experiment - Mack and Rock, 4 Trials, Gray Background, Isoluminant Red or Blue Line Left/Right, Report Color",https://www.mn.perceptionresearch.org/IB_MackRock/E3,Chrome,71,864,1536,864,1536,156631.4,1/8/21,,5a75525b000dab00018c0ae7,5ff86e5257f6ac0626c69670,5ff889dbd071dd0ac7de6c0d
5,93,yes,20,42,"2AFC IB Experiment - Mack and Rock, 4 Trials, Gray Background, Isoluminant Red or Blue Line Left/Right, Report Color",https://www.mn.perceptionresearch.org/IB_MackRock/E3,Chrome,87,864,1536,864,1536,56533.695,1/8/21,,5ed9d8afee1acd598ebddc58,5ff86e5257f6ac0626c69670,5ff88d9ef10b9b0ac9c05610
5,94,yes,27,42,"2AFC IB Experiment - Mack and Rock, 4 Trials, Gray Background, Isoluminant Red or Blue Line Left/Right, Report Color",https://www.mn.perceptionresearch.org/IB_MackRock/E3,Firefox,84,148,1920,1080,1920,67314,1/8/21,,5e79240ae964444deb09ade1,5ff86e5257f6ac0626c69670,5ff884dbb74a9b096b482898
5,95,yes,32,42,"2AFC IB Experiment - Mack and Rock, 4 Trials, Gray Background, Isoluminant Red or Blue Line Left/Right, Report Color",https://www.mn.perceptionresearch.org/IB_MackRock/E3,Chrome,87,1080,1920,1080,1920,93602.98,1/8/21,N/A,5acba4a15cd10500016280ca,5ff86e5257f6ac0626c69670,5ff88ec2c73c710bb2975374
5,96,yes,38,42,"2AFC IB Experiment - Mack and Rock, 4 Trials, Gray Background, Isoluminant Red or Blue Line Left/Right, Report Color",https://www.mn.perceptionresearch.org/IB_MackRock/E3,Chrome,87,900,1440,900,1440,429325.245,1/8/21,,5c30b27e3329f40001e8e582,5ff86e5257f6ac0626c69670,5ff89113ab2d540bad7d753d
5,97,no,30,42,"2AFC IB Experiment - Mack and Rock, 4 Trials, Gray Background, Isoluminant Red or Blue Line Left/Right, Report Color",https://www.mn.perceptionresearch.org/IB_MackRock/E3,Chrome,77,1636,980,780,360,166374.7,1/8/21,,5f91a6bf59acc003a749718a,5ff86e5257f6ac0626c69670,5ff890b64ad5240bceea0620
5,98,no,29,42,"2AFC IB Experiment - Mack and Rock, 4 Trials, Gray Background, Isoluminant Red or Blue Line Left/Right, Report Color",https://www.mn.perceptionresearch.org/IB_MackRock/E3,Safari,603,800,1280,800,1280,184987,1/8/21,,5f3f2cbbb187de222fbf60e5,5ff86e5257f6ac0626c69670,5ff893fc142d520d3c1bc09a
5,99,yes,45,42,"2AFC IB Experiment - Mack and Rock, 4 Trials, Gray Background, Isoluminant Red or Blue Line Left/Right, Report Color",https://www.mn.perceptionresearch.org/IB_MackRock/E3,Chrome,87,768,1366,768,1366,96831.665,1/8/21,,55f5e5e132af740012171c62,5ff86e5257f6ac0626c69670,5ff88e8d4c41e20ab7f50f6c
5,100,yes,27,42,"2AFC IB Experiment - Mack and Rock, 4 Trials, Gray Background, Isoluminant Red or Blue Line Left/Right, Report Color",https://www.mn.perceptionresearch.org/IB_MackRock/E3,Firefox,84,148,1920,1080,1920,84457,1/8/21,,56f2319af2df32000d8fb1a4,5ff86e5257f6ac0626c69670,5ff88e327230960b3b6e0708
5,101,no,30,42,"2AFC IB Experiment - Mack and Rock, 4 Trials, Gray Background, Isoluminant Red or Blue Line Left/Right, Report Color",https://www.mn.perceptionresearch.org/IB_MackRock/E3,Chrome,87,1080,1920,1080,1920,98897.325,1/8/21,,5c91ab9b47fad40011be8306,5ff86e5257f6ac0626c69670,5ff88fda34df660c2e4125c2
5,102,yes,24,42,"2AFC IB Experiment - Mack and Rock, 4 Trials, Gray Background, Isoluminant Red or Blue Line Left/Right, Report Color",https://www.mn.perceptionresearch.org/IB_MackRock/E3,Chrome,87,1080,1920,1080,1920,58101.305,1/8/21,,5cb044c4bfb3720012ee851d,5ff86e5257f6ac0626c69670,5ff8813478203f09021e6280
5,103,yes,26,42,"2AFC IB Experiment - Mack and Rock, 4 Trials, Gray Background, Isoluminant Red or Blue Line Left/Right, Report Color",https://www.mn.perceptionresearch.org/IB_MackRock/E3,Chrome,87,768,1366,768,1366,122928,1/8/21,,5cf25067f007790001bb0bea,5ff86e5257f6ac0626c69670,5ff8905bd2ca6f0c2906ea63
5,104,no,37,42,"2AFC IB Experiment - Mack and Rock, 4 Trials, Gray Background, Isoluminant Red or Blue Line Left/Right, Report Color",https://www.mn.perceptionresearch.org/IB_MackRock/E3,Firefox,84,22,1280,1024,1280,125799,1/8/21,,5f523f45e29c994ab5242eb1,5ff86e5257f6ac0626c69670,5ff8924ed424e60ccbb02fe1
5,105,no,26,42,"2AFC IB Experiment - Mack and Rock, 4 Trials, Gray Background, Isoluminant Red or Blue Line Left/Right, Report Color",https://www.mn.perceptionresearch.org/IB_MackRock/E3,Chrome,87,800,1422,720,1280,75263.31,1/8/21,,5f4263a930d1e107398d0344,5ff86e5257f6ac0626c69670,5ff87e089f121507ed4192fc
5,106,yes,26,42,"2AFC IB Experiment - Mack and Rock, 4 Trials, Gray Background, Isoluminant Red or Blue Line Left/Right, Report Color",https://www.mn.perceptionresearch.org/IB_MackRock/E3,Chrome,87,1080,1920,1080,1920,66390.61,1/8/21,,5f36b1648baa000afc0e8606,5ff86e5257f6ac0626c69670,5ff88d827eb1460adfaf02c9
5,107,no,33,42,"2AFC IB Experiment - Mack and Rock, 4 Trials, Gray Background, Isoluminant Red or Blue Line Left/Right, Report Color",https://www.mn.perceptionresearch.org/IB_MackRock/E3,Chrome,87,768,1366,768,1366,93124.735,1/8/21,,5ad6d2543660ef00019b8ce9,5ff86e5257f6ac0626c69670,5ff88f663ede790b43a43cfd
5,108,no,28,42,"2AFC IB Experiment - Mack and Rock, 4 Trials, Gray Background, Isoluminant Red or Blue Line Left/Right, Report Color",https://www.mn.perceptionresearch.org/IB_MackRock/E3,Safari,605,768,1366,768,1366,98723,1/8/21,,5ed01960a046ca0d9da8c791,5ff86e5257f6ac0626c69670,5ff88f88faa0da0babb68cb9
5,109,yes,19,42,"2AFC IB Experiment - Mack and Rock, 4 Trials, Gray Background, Isoluminant Red or Blue Line Left/Right, Report Color",https://www.mn.perceptionresearch.org/IB_MackRock/E3,Firefox,84,23,1920,1080,1920,82259,1/8/21,,5edd9c900d7fc4ac81863e5a,5ff86e5257f6ac0626c69670,5ff892226bab930c9f31b102
5,110,yes,20,42,"2AFC IB Experiment - Mack and Rock, 4 Trials, Gray Background, Isoluminant Red or Blue Line Left/Right, Report Color",https://www.mn.perceptionresearch.org/IB_MackRock/E3,Chrome,87,626,1301,768,1366,109343.585,1/8/21,,5f82192f7d871631c79c1017,5ff86e5257f6ac0626c69670,5ff893614c41e20c73519bab
5,111,no,30,42,"2AFC IB Experiment - Mack and Rock, 4 Trials, Gray Background, Isoluminant Red or Blue Line Left/Right, Report Color",https://www.mn.perceptionresearch.org/IB_MackRock/E3,Chrome,87,969,1920,1080,1920,85948,1/8/21,,5ea839f7ae8c352334d1f052,5ff86e5257f6ac0626c69670,5ff88aae6017b70b5fff5d92
5,112,,,,"2AFC IB Experiment - Mack and Rock, 4 Trials, Gray Background, Isoluminant Red or Blue Line Left/Right, Report Color",https://www.mn.perceptionresearch.org/IB_MackRock/E3,Chrome,84,725,360,725,360,95131.9,1/8/21,,5f94a6cef899cf2e69292bd5,5ff86e5257f6ac0626c69670,5ff8929b5175840c8e9d6911
5,113,no,40,42,"2AFC IB Experiment - Mack and Rock, 4 Trials, Gray Background, Isoluminant Red or Blue Line Left/Right, Report Color",https://www.mn.perceptionresearch.org/IB_MackRock/E3,Safari,605,900,1440,900,1440,76162,1/8/21,,5ad449bc3a859300016c706c,5ff86e5257f6ac0626c69670,5ff88d0857f6ac0ad3dd8d71
5,114,no,38,42,"2AFC IB Experiment - Mack and Rock, 4 Trials, Gray Background, Isoluminant Red or Blue Line Left/Right, Report Color",https://www.mn.perceptionresearch.org/IB_MackRock/E3,Chrome,86,1080,1920,1080,1920,113535.16,1/8/21,,5ecd817ec4b2410f177c985e,5ff86e5257f6ac0626c69670,5ff88d941c5ba40bbdaa7f90
5,115,yes,21,42,"2AFC IB Experiment - Mack and Rock, 4 Trials, Gray Background, Isoluminant Red or Blue Line Left/Right, Report Color",https://www.mn.perceptionresearch.org/IB_MackRock/E3,Chrome,87,1080,1920,1080,1920,49734.825,1/8/21,,5e34a25bcb3c09479b437df0,5ff86e5257f6ac0626c69670,5ff888f14562ef09c8163655
5,116,yes,37,42,"2AFC IB Experiment - Mack and Rock, 4 Trials, Gray Background, Isoluminant Red or Blue Line Left/Right, Report Color",https://www.mn.perceptionresearch.org/IB_MackRock/E3,Chrome,87,864,1536,864,1536,104018.365,1/8/21,,5dff9d77221dc4bdd7ad8950,5ff86e5257f6ac0626c69670,5ff88b56581b770acc636ff6
5,117,yes,57,42,"2AFC IB Experiment - Mack and Rock, 4 Trials, Gray Background, Isoluminant Red or Blue Line Left/Right, Report Color",https://www.mn.perceptionresearch.org/IB_MackRock/E3,Chrome,87,1080,1920,1080,1920,270549.195,1/8/21,,5dec8925be656d35d4005320,5ff86e5257f6ac0626c69670,5ff885d5f5eb250999c533f8
5,118,yes,30,42,"2AFC IB Experiment - Mack and Rock, 4 Trials, Gray Background, Isoluminant Red or Blue Line Left/Right, Report Color",https://www.mn.perceptionresearch.org/IB_MackRock/E3,Chrome,87,864,1536,864,1536,138557.19,1/8/21,,5e45cacefd4b630bbdba2f86,5ff86e5257f6ac0626c69670,5ff8901907b89b0b48274095
5,119,yes,20,42,"2AFC IB Experiment - Mack and Rock, 4 Trials, Gray Background, Isoluminant Red or Blue Line Left/Right, Report Color",https://www.mn.perceptionresearch.org/IB_MackRock/E3,Chrome,87,626,1301,768,1366,109338.935,1/8/21,,5f82192f7d871631c79c1017,5ff86e5257f6ac0626c69670,5ff893614c41e20c73519bab
5,120,yes,24,42,"2AFC IB Experiment - Mack and Rock, 4 Trials, Gray Background, Isoluminant Red or Blue Line Left/Right, Report Color",https://www.mn.perceptionresearch.org/IB_MackRock/E3,Chrome,87,900,1440,900,1440,107460.66,1/8/21,,5ca63ed00b3b360001808a39,5ff86e5257f6ac0626c69670,5ff890870d1cfa0bc1e3fc89
5,121,no,27,42,"2AFC IB Experiment - Mack and Rock, 4 Trials, Gray Background, Isoluminant Red or Blue Line Left/Right, Report Color",https://www.mn.perceptionresearch.org/IB_MackRock/E3,Firefox,81,158,980,725,360,160699,1/8/21,,5f949c635f7ebd2ec6327727,5ff86e5257f6ac0626c69670,5ff8933113f4ce0c32ba8660
5,122,no,56,42,"2AFC IB Experiment - Mack and Rock, 4 Trials, Gray Background, Isoluminant Red or Blue Line Left/Right, Report Color",https://www.mn.perceptionresearch.org/IB_MackRock/E3,Chrome,87,1023,1920,1023,1920,167988.52,1/8/21,,5d9fc358da653a00168a1ef4,5ff86e5257f6ac0626c69670,5ff892d12f34350c9d9ccf8e
5,123,no,33,42,"2AFC IB Experiment - Mack and Rock, 4 Trials, Gray Background, Isoluminant Red or Blue Line Left/Right, Report Color",https://www.mn.perceptionresearch.org/IB_MackRock/E3,Chrome,87,768,1366,768,1366,93130.22,1/8/21,,5ad6d2543660ef00019b8ce9,5ff86e5257f6ac0626c69670,5ff88f663ede790b43a43cfd
5,124,no,28,42,"2AFC IB Experiment - Mack and Rock, 4 Trials, Gray Background, Isoluminant Red or Blue Line Left/Right, Report Color",https://www.mn.perceptionresearch.org/IB_MackRock/E3,Chrome,87,900,1440,900,1440,78837.79,1/8/21,,5c3260a97b740900011f5e26,5ff86e5257f6ac0626c69670,5ff88f0b1c5ba40b46f6de00
5,125,yes,36,42,"2AFC IB Experiment - Mack and Rock, 4 Trials, Gray Background, Isoluminant Red or Blue Line Left/Right, Report Color",https://www.mn.perceptionresearch.org/IB_MackRock/E3,Firefox,83,144,1920,1080,1920,66634,1/8/21,,5e55d9d5bcdb1e5f55cca145,5ff86e5257f6ac0626c69670,5ff8937f223a2e0cb705231e
5,126,yes,20,42,"2AFC IB Experiment - Mack and Rock, 4 Trials, Gray Background, Isoluminant Red or Blue Line Left/Right, Report Color",https://www.mn.perceptionresearch.org/IB_MackRock/E3,Safari,605,900,1440,900,1440,84169,1/8/21,,5f87e0aeec07f022b65a75dd,5ff86e5257f6ac0626c69670,5ff8921ccea25a0c3b1dc5fa
5,127,yes,32,42,"2AFC IB Experiment - Mack and Rock, 4 Trials, Gray Background, Isoluminant Red or Blue Line Left/Right, Report Color",https://www.mn.perceptionresearch.org/IB_MackRock/E3,Chrome,87,1080,1920,1080,1920,105308.045,1/8/21,,5f874299edaff112f0696f9f,5ff86e5257f6ac0626c69670,5ff88ab134df660b41e1f176
5,128,yes,43,42,"2AFC IB Experiment - Mack and Rock, 4 Trials, Gray Background, Isoluminant Red or Blue Line Left/Right, Report Color",https://www.mn.perceptionresearch.org/IB_MackRock/E3,Chrome,87,864,1536,864,1536,126041.995,1/8/21,That was interesting. Thanks!,5aff36c4331e8100018f112b,5ff86e5257f6ac0626c69670,5ff892a9ea5af00aef975bd6
5,129,no,33,42,"2AFC IB Experiment - Mack and Rock, 4 Trials, Gray Background, Isoluminant Red or Blue Line Left/Right, Report Color",https://www.mn.perceptionresearch.org/IB_MackRock/E3,Chrome,87,900,1600,900,1600,131916.155,1/8/21,the cross went too fast for me to really notice what was longer,5f985161f2aa230f6d4eb858,5ff86e5257f6ac0626c69670,5ff8826ddcb2a308e2cb5068
5,130,no,39,42,"2AFC IB Experiment - Mack and Rock, 4 Trials, Gray Background, Isoluminant Red or Blue Line Left/Right, Report Color",https://www.mn.perceptionresearch.org/IB_MackRock/E3,Firefox,84,22,1920,1080,1920,94552,1/8/21,,5ca76940b73600000157b4f1,5ff86e5257f6ac0626c69670,5ff88f1f3ede790acf3ca525
5,131,yes,20,42,"2AFC IB Experiment - Mack and Rock, 4 Trials, Gray Background, Isoluminant Red or Blue Line Left/Right, Report Color",https://www.mn.perceptionresearch.org/IB_MackRock/E3,Chrome,87,864,1536,864,1536,62936.175,1/8/21,,5e65881bbd503a3160fc0394,5ff86e5257f6ac0626c69670,5ff890648a00520b2cba88d6
5,132,yes,43,6,"2AFC IB Experiment - Mack and Rock, 4 Trials, Gray Background, Isoluminant Red or Blue Line Left/Right, Report Color",https://www.mn.perceptionresearch.org/IB_MackRock/E3,Firefox,85,146,1920,1080,1920,102361,1/8/21,,5fa4ae30397c77153bb2091b,5ff86e5257f6ac0626c69670,5ff89419faa0da0d0fff3e40
5,133,yes,30,42,"2AFC IB Experiment - Mack and Rock, 4 Trials, Gray Background, Isoluminant Red or Blue Line Left/Right, Report Color",https://www.mn.perceptionresearch.org/IB_MackRock/E3,Chrome,87,1080,1920,1080,1920,80980.445,1/8/21,,5cfed217cc76fc001ae58254,5ff86e5257f6ac0626c69670,5ff893163711c00c4c38390f
5,134,yes,32,42,"2AFC IB Experiment - Mack and Rock, 4 Trials, Gray Background, Isoluminant Red or Blue Line Left/Right, Report Color",https://www.mn.perceptionresearch.org/IB_MackRock/E3,Chrome,87,900,1440,900,1440,75436.005,1/8/21,,5ed29b1e45e0e32085302ab3,5ff86e5257f6ac0626c69670,5ff88a31f2c94d0a6a4c8c81
5,135,yes,39,42,"2AFC IB Experiment - Mack and Rock, 4 Trials, Gray Background, Isoluminant Red or Blue Line Left/Right, Report Color",https://www.mn.perceptionresearch.org/IB_MackRock/E3,Chrome,87,900,1600,900,1600,88296.705,1/8/21,,570bc1ffb9b52b00102db939,5ff86e5257f6ac0626c69670,5ff8940a0d03980d3fa996a4
5,136,no,42,42,"2AFC IB Experiment - Mack and Rock, 4 Trials, Gray Background, Isoluminant Red or Blue Line Left/Right, Report Color",https://www.mn.perceptionresearch.org/IB_MackRock/E3,Firefox,84,148,2560,1440,2560,124094,1/8/21,,5f2a12f5837dd81e5881b7cc,5ff86e5257f6ac0626c69670,5ff88c933711c00b4534e8f8
5,137,no,27,42,"2AFC IB Experiment - Mack and Rock, 4 Trials, Gray Background, Isoluminant Red or Blue Line Left/Right, Report Color",https://www.mn.perceptionresearch.org/IB_MackRock/E3,Chrome,87,698,1242,698,1241,97163.585,1/8/21,,5f29cc9048d8b1151c92f9f1,5ff86e5257f6ac0626c69670,5ff88cc0b591c60add3a4a92
5,138,no,27,42,"2AFC IB Experiment - Mack and Rock, 4 Trials, Gray Background, Isoluminant Red or Blue Line Left/Right, Report Color",https://www.mn.perceptionresearch.org/IB_MackRock/E3,Firefox,81,25,980,725,360,160654,1/8/21,,5f949c635f7ebd2ec6327727,5ff86e5257f6ac0626c69670,5ff8933113f4ce0c32ba8660
5,139,no,32,42,"2AFC IB Experiment - Mack and Rock, 4 Trials, Gray Background, Isoluminant Red or Blue Line Left/Right, Report Color",https://www.mn.perceptionresearch.org/IB_MackRock/E3,Chrome,87,800,1280,800,1280,76211.945,1/8/21,,5f4c3609d8963d8484d2c642,5ff86e5257f6ac0626c69670,5ff896358a00520c90eee668
5,140,yes,19,42,"2AFC IB Experiment - Mack and Rock, 4 Trials, Gray Background, Isoluminant Red or Blue Line Left/Right, Report Color",https://www.mn.perceptionresearch.org/IB_MackRock/E3,Chrome,87,1080,1920,1080,1920,98573.435,1/8/21,,5e367950eef5b360f23350af,5ff86e5257f6ac0626c69670,5ff88d08142d520ae08a0b95
5,141,yes,20,42,"2AFC IB Experiment - Mack and Rock, 4 Trials, Gray Background, Isoluminant Red or Blue Line Left/Right, Report Color",https://www.mn.perceptionresearch.org/IB_MackRock/E3,Safari,605,900,1440,900,1440,84163,1/8/21,,5f87e0aeec07f022b65a75dd,5ff86e5257f6ac0626c69670,5ff8921ccea25a0c3b1dc5fa
5,142,yes,35,42,"2AFC IB Experiment - Mack and Rock, 4 Trials, Gray Background, Isoluminant Red or Blue Line Left/Right, Report Color",https://www.mn.perceptionresearch.org/IB_MackRock/E3,Chrome,87,1440,2560,1440,2560,93382.11,1/8/21,,5f4e74b1ade9a50467c527dd,5ff86e5257f6ac0626c69670,5ff8935bea5af00c54b28b9c
5,143,yes,22,42,"2AFC IB Experiment - Mack and Rock, 4 Trials, Gray Background, Isoluminant Red or Blue Line Left/Right, Report Color",https://www.mn.perceptionresearch.org/IB_MackRock/E3,Chrome,87,1080,1920,1080,1920,61792.37,1/8/21,,5f4da3e0de27c7a9386fbc40,5ff86e5257f6ac0626c69670,5ff88c82e01c1e0b43b1323f
5,144,no,20,42,"2AFC IB Experiment - Mack and Rock, 4 Trials, Gray Background, Isoluminant Red or Blue Line Left/Right, Report Color",https://www.mn.perceptionresearch.org/IB_MackRock/E3,Chrome,87,1440,2560,1440,2560,42631.63,1/8/21,,5f163626e9b14f1bfccf2b67,5ff86e5257f6ac0626c69670,5ff8938d3ede790c0e218285
5,145,yes,20,42,"2AFC IB Experiment - Mack and Rock, 4 Trials, Gray Background, Isoluminant Red or Blue Line Left/Right, Report Color",https://www.mn.perceptionresearch.org/IB_MackRock/E3,Chrome,87,900,1440,900,1440,85452.575,1/8/21,,5ee017103409e1371735c44d,5ff86e5257f6ac0626c69670,5ff88a893711c00ad0a83963
5,146,no,21,42,"2AFC IB Experiment - Mack and Rock, 4 Trials, Gray Background, Isoluminant Red or Blue Line Left/Right, Report Color",https://www.mn.perceptionresearch.org/IB_MackRock/E3,Chrome,87,823,1463,823,1463,82752.525,1/8/21,,5eeab6216c7dc71dd2dae2ef,5ff86e5257f6ac0626c69670,5ff8840b7dfb43090d2efd39
5,147,no,21,42,"2AFC IB Experiment - Mack and Rock, 4 Trials, Gray Background, Isoluminant Red or Blue Line Left/Right, Report Color",https://www.mn.perceptionresearch.org/IB_MackRock/E3,Chrome,87,1080,1920,1080,1920,295060.24,1/8/21,Thank you for the survey.,5f18e7bb33bfe6119eb7e146,5ff86e5257f6ac0626c69670,5ff88fe868e50a0b39c0fb3b
5,148,no,25,42,"2AFC IB Experiment - Mack and Rock, 4 Trials, Gray Background, Isoluminant Red or Blue Line Left/Right, Report Color",https://www.mn.perceptionresearch.org/IB_MackRock/E3,Chrome,87,1080,1920,1080,1920,129581.555,1/8/21,,5e48b5fdc9444734566b2d5e,5ff86e5257f6ac0626c69670,5ff893c3a618410cb68d9550
5,149,no,25,42,"2AFC IB Experiment - Mack and Rock, 4 Trials, Gray Background, Isoluminant Red or Blue Line Left/Right, Report Color",https://www.mn.perceptionresearch.org/IB_MackRock/E3,Firefox,84,146,1536,864,1536,95373,1/8/21,,537cc438fdf99b2274df9aae,5ff86e5257f6ac0626c69670,5ff882e14d105207959b72be
5,150,no,24,42,"2AFC IB Experiment - Mack and Rock, 4 Trials, Gray Background, Isoluminant Red or Blue Line Left/Right, Report Color",https://www.mn.perceptionresearch.org/IB_MackRock/E3,Chrome,87,1080,1920,1080,1920,94875.41,1/8/21,,5d5b705b74428400019fbf5e,5ff86e5257f6ac0626c69670,5ff88d630d03980ae6b1a3a7
5,151,yes,39,42,"2AFC IB Experiment - Mack and Rock, 4 Trials, Gray Background, Isoluminant Red or Blue Line Left/Right, Report Color",https://www.mn.perceptionresearch.org/IB_MackRock/E3,Chrome,87,1023,1920,1023,1920,82322.755,1/8/21,Well that was different! I enjoyed that. ,5ef78f819d93424af2af742b,5ff86e5257f6ac0626c69670,5ff8901515d1bf0aaf3b67f0
5,152,no,36,42,"2AFC IB Experiment - Mack and Rock, 4 Trials, Gray Background, Isoluminant Red or Blue Line Left/Right, Report Color",https://www.mn.perceptionresearch.org/IB_MackRock/E3,Chrome,87,900,1440,900,1440,417582.74,1/8/21,,5f13863cc6197238777ba81e,5ff86e5257f6ac0626c69670,5ff89242142d520c5442bfbe
5,153,no,61,42,"2AFC IB Experiment - Mack and Rock, 4 Trials, Gray Background, Isoluminant Red or Blue Line Left/Right, Report Color",https://www.mn.perceptionresearch.org/IB_MackRock/E3,Firefox,84,22,1368,912,1368,108436,1/8/21,,5b6bacf00afa6f000107210f,5ff86e5257f6ac0626c69670,5ff88d7b142d520b55541a4e
5,154,,,,"2AFC IB Experiment - Mack and Rock, 4 Trials, Gray Background, Isoluminant Red or Blue Line Left/Right, Report Color",https://www.mn.perceptionresearch.org/IB_MackRock/E3,Safari,604,1688,980,812,375,22314,1/8/21,,5ec6d423fc10270f0bbbc90e,5ff86e5257f6ac0626c69670,5ff8939ed4e7900c28927f72
5,155,yes,26,42,"2AFC IB Experiment - Mack and Rock, 4 Trials, Gray Background, Isoluminant Red or Blue Line Left/Right, Report Color",https://www.mn.perceptionresearch.org/IB_MackRock/E3,Safari,605,900,1440,900,1440,72605,1/8/21,,5fc684186da34d04a0e44bb3,5ff86e5257f6ac0626c69670,5ff891a5ea5af00c54b28b8f
5,156,,,,"2AFC IB Experiment - Mack and Rock, 4 Trials, Gray Background, Isoluminant Red or Blue Line Left/Right, Report Color",https://www.mn.perceptionresearch.org/IB_MackRock/E3,Safari,604,1671,980,896,414,27586,1/8/21,,5c1655c7ad682500017070d2,5ff86e5257f6ac0626c69670,5ff88fc9e9ac620b5afea4a3
5,157,no,49,42,"2AFC IB Experiment - Mack and Rock, 4 Trials, Gray Background, Isoluminant Red or Blue Line Left/Right, Report Color",https://www.mn.perceptionresearch.org/IB_MackRock/E3,Chrome,87,768,1366,768,1366,210095.635,1/8/21,,5c3a87a61ede2b000115cf76,5ff86e5257f6ac0626c69670,5ff888e33cba8e0a72f0ef3b
5,158,no,61,42,"2AFC IB Experiment - Mack and Rock, 4 Trials, Gray Background, Isoluminant Red or Blue Line Left/Right, Report Color",https://www.mn.perceptionresearch.org/IB_MackRock/E3,Firefox,84,148,1368,912,1368,108441,1/8/21,,5b6bacf00afa6f000107210f,5ff86e5257f6ac0626c69670,5ff88d7b142d520b55541a4e
5,159,,,,"2AFC IB Experiment - Mack and Rock, 4 Trials, Gray Background, Isoluminant Red or Blue Line Left/Right, Report Color",https://www.mn.perceptionresearch.org/IB_MackRock/E3,Chrome,87,828,412,828,412,43539.8,1/8/21,,5d8a49d7821fd5000197dd64,5ff86e5257f6ac0626c69670,5ff88965c73c710a4e6c602a
5,160,no,25,42,"2AFC IB Experiment - Mack and Rock, 4 Trials, Gray Background, Isoluminant Red or Blue Line Left/Right, Report Color",https://www.mn.perceptionresearch.org/IB_MackRock/E3,Chrome,86,711,1366,711,1366,109793.105,1/8/21,,5f139484a2013a244ad46814,5ff86e5257f6ac0626c69670,5ff892ec223a2e0bca571f1c
5,161,yes,38,42,"2AFC IB Experiment - Mack and Rock, 4 Trials, Gray Background, Isoluminant Red or Blue Line Left/Right, Report Color",https://www.mn.perceptionresearch.org/IB_MackRock/E3,Firefox,83,22,1920,1080,1920,74271,1/8/21,,5f322cd965a36c16dd4da4d6,5ff86e5257f6ac0626c69670,5ff88c707d5a4e0abe99e693
5,162,yes,55,42,"2AFC IB Experiment - Mack and Rock, 4 Trials, Gray Background, Isoluminant Red or Blue Line Left/Right, Report Color",https://www.mn.perceptionresearch.org/IB_MackRock/E3,Firefox,84,148,1600,900,1600,99691,1/8/21,,593ab35d51244c00013dcb69,5ff86e5257f6ac0626c69670,5ff893c2431f500c3ff79374
5,163,no,21,42,"2AFC IB Experiment - Mack and Rock, 4 Trials, Gray Background, Isoluminant Red or Blue Line Left/Right, Report Color",https://www.mn.perceptionresearch.org/IB_MackRock/E3,Chrome,87,823,1463,823,1463,82757.075,1/8/21,,5eeab6216c7dc71dd2dae2ef,5ff86e5257f6ac0626c69670,5ff8840b7dfb43090d2efd39
5,164,no,38,42,"2AFC IB Experiment - Mack and Rock, 4 Trials, Gray Background, Isoluminant Red or Blue Line Left/Right, Report Color",https://www.mn.perceptionresearch.org/IB_MackRock/E3,Chrome,87,864,1536,864,1536,124024.9,1/8/21,,5e8ea20ad1aa0d164f407023,5ff86e5257f6ac0626c69670,5ff8923213d0910ac962515f
5,165,no,32,42,"2AFC IB Experiment - Mack and Rock, 4 Trials, Gray Background, Isoluminant Red or Blue Line Left/Right, Report Color",https://www.mn.perceptionresearch.org/IB_MackRock/E3,Chrome,87,1080,1920,1080,1920,105007.71,1/8/21,,5a6883e731b87a0001c74aa7,5ff86e5257f6ac0626c69670,5ff88eaa18f1a60bc2c9d930
5,166,no,49,42,"2AFC IB Experiment - Mack and Rock, 4 Trials, Gray Background, Isoluminant Red or Blue Line Left/Right, Report Color",https://www.mn.perceptionresearch.org/IB_MackRock/E3,Chrome,87,1080,2560,1080,2560,145348.88,1/8/21,NA,5cf177b939f5f900016c0fca,5ff86e5257f6ac0626c69670,5ff89344d3d12b0c51073a49
5,167,no,24,42,"2AFC IB Experiment - Mack and Rock, 4 Trials, Gray Background, Isoluminant Red or Blue Line Left/Right, Report Color",https://www.mn.perceptionresearch.org/IB_MackRock/E3,Chrome,87,1080,1920,1080,1920,47855.12,1/8/21,,5f57ff631f25ca34fb599ff1,5ff86e5257f6ac0626c69670,5ff88d809f655e0a4cdc233e
5,168,no,54,48,"2AFC IB Experiment - Mack and Rock, 4 Trials, Gray Background, Isoluminant Red or Blue Line Left/Right, Report Color",https://www.mn.perceptionresearch.org/IB_MackRock/E3,Chrome,87,1024,1280,1024,1280,138100.2,1/8/21,,5fc838109e99f3178d83db35,5ff86e5257f6ac0626c69670,5ff88883de0ea20971d9a866
5,169,no,35,42,"2AFC IB Experiment - Mack and Rock, 4 Trials, Gray Background, Isoluminant Red or Blue Line Left/Right, Report Color",https://www.mn.perceptionresearch.org/IB_MackRock/E3,Chrome,87,768,1366,768,1366,184464.43,1/8/21,none,5f63928ef2b0b609a2c5806d,5ff86e5257f6ac0626c69670,5ff88f4ca5b8ef0c2b67144f
5,170,yes,20,42,"2AFC IB Experiment - Mack and Rock, 4 Trials, Gray Background, Isoluminant Red or Blue Line Left/Right, Report Color",https://www.mn.perceptionresearch.org/IB_MackRock/E3,Chrome,87,1440,2560,1440,2560,58229.365,1/8/21,,5d6943fc90cade0016695e9b,5ff86e5257f6ac0626c69670,5ff88b516c0abd0ab464177a
5,171,yes,28,42,"2AFC IB Experiment - Mack and Rock, 4 Trials, Gray Background, Isoluminant Red or Blue Line Left/Right, Report Color",https://www.mn.perceptionresearch.org/IB_MackRock/E3,Chrome,86,768,1366,768,1366,124461.31,1/8/21,,5f0269030329ec3f7b2e5c42,5ff86e5257f6ac0626c69670,5ff88e990e2bdf0bc5acf3d9
5,172,yes,18,42,"2AFC IB Experiment - Mack and Rock, 4 Trials, Gray Background, Isoluminant Red or Blue Line Left/Right, Report Color",https://www.mn.perceptionresearch.org/IB_MackRock/E3,Firefox,76,144,1920,1200,1920,70367,1/8/21,,5f4c6bee4aac5777aa9fc9cf,5ff86e5257f6ac0626c69670,5ff88cb97613840b37a7c76d
5,173,no,28,42,"2AFC IB Experiment - Mack and Rock, 4 Trials, Gray Background, Isoluminant Red or Blue Line Left/Right, Report Color",https://www.mn.perceptionresearch.org/IB_MackRock/E3,Chrome,87,1080,1920,1080,1920,121563.745,1/8/21,,5f9bad3d65e5133ce9929b2b,5ff86e5257f6ac0626c69670,5ff88ffd3cba8e0b610bd96a
5,174,no,19,42,"2AFC IB Experiment - Mack and Rock, 4 Trials, Gray Background, Isoluminant Red or Blue Line Left/Right, Report Color",https://www.mn.perceptionresearch.org/IB_MackRock/E3,Safari,605,900,1440,900,1440,90523,1/8/21,,5f91fdd7a6961b1013d3e734,5ff86e5257f6ac0626c69670,5ff89184dcae1e0b502a9c56
5,175,yes,36,42,"2AFC IB Experiment - Mack and Rock, 4 Trials, Gray Background, Isoluminant Red or Blue Line Left/Right, Report Color",https://www.mn.perceptionresearch.org/IB_MackRock/E3,Firefox,84,148,1920,1080,1920,80842,1/8/21,,5acd2484e9d7a30001c2c90d,5ff86e5257f6ac0626c69670,5ff88f61840bed0bacd6bee7
5,176,no,20,42,"2AFC IB Experiment - Mack and Rock, 4 Trials, Gray Background, Isoluminant Red or Blue Line Left/Right, Report Color",https://www.mn.perceptionresearch.org/IB_MackRock/E3,Chrome,87,1080,1920,1080,1920,85198.085,1/8/21,,5f2dab682af7600b51361017,5ff86e5257f6ac0626c69670,5ff893308347740c2e0c6ef2
5,177,yes,24,42,"2AFC IB Experiment - Mack and Rock, 4 Trials, Gray Background, Isoluminant Red or Blue Line Left/Right, Report Color",https://www.mn.perceptionresearch.org/IB_MackRock/E3,Chrome,87,900,1600,720,1280,109843.55,1/8/21,,5deff457bfb50b054f24fe87,5ff86e5257f6ac0626c69670,5ff893416561480d1f786930
5,178,yes,43,42,"2AFC IB Experiment - Mack and Rock, 4 Trials, Gray Background, Isoluminant Red or Blue Line Left/Right, Report Color",https://www.mn.perceptionresearch.org/IB_MackRock/E3,Chrome,87,1080,1920,1080,1920,160434.83,1/8/21,,5ee584e4acfd341ac542b0c9,5ff86e5257f6ac0626c69670,5ff89417643cdf0d22c960a7
5,179,yes,27,42,"2AFC IB Experiment - Mack and Rock, 4 Trials, Gray Background, Isoluminant Red or Blue Line Left/Right, Report Color",https://www.mn.perceptionresearch.org/IB_MackRock/E3,Chrome,87,1030,1830,1029,1829,106035.92,1/8/21,,5afa9aef33b0ee00011eff91,5ff86e5257f6ac0626c69670,5ff88c5afd9090097b969972
5,180,yes,42,42,"2AFC IB Experiment - Mack and Rock, 4 Trials, Gray Background, Isoluminant Red or Blue Line Left/Right, Report Color",https://www.mn.perceptionresearch.org/IB_MackRock/E3,Chrome,87,900,1440,900,1440,45823.355,1/8/21,,5ba78b71d60daf0001532d5b,5ff86e5257f6ac0626c69670,5ff8917ab74a9b0ca772f2d5
5,181,yes,30,42,"2AFC IB Experiment - Mack and Rock, 4 Trials, Gray Background, Isoluminant Red or Blue Line Left/Right, Report Color",https://www.mn.perceptionresearch.org/IB_MackRock/E3,Chrome,87,1080,1920,1080,1920,80978.08,1/8/21,,5cfed217cc76fc001ae58254,5ff86e5257f6ac0626c69670,5ff893163711c00c4c38390f
5,182,no,39,42,"2AFC IB Experiment - Mack and Rock, 4 Trials, Gray Background, Isoluminant Red or Blue Line Left/Right, Report Color",https://www.mn.perceptionresearch.org/IB_MackRock/E3,Chrome,84,768,1366,768,1366,137572.045,1/8/21,,5f10a2afcfd84c0cedda20f7,5ff86e5257f6ac0626c69670,5ff88c577231f20b47247d7a
5,183,yes,31,42,"2AFC IB Experiment - Mack and Rock, 4 Trials, Gray Background, Isoluminant Red or Blue Line Left/Right, Report Color",https://www.mn.perceptionresearch.org/IB_MackRock/E3,Chrome,87,768,1366,768,1366,112160.64,1/8/21,,5ede9abf2753c9130c5525f5,5ff86e5257f6ac0626c69670,5ff884afafd12908a263737b
5,184,yes,22,42,"2AFC IB Experiment - Mack and Rock, 4 Trials, Gray Background, Isoluminant Red or Blue Line Left/Right, Report Color",https://www.mn.perceptionresearch.org/IB_MackRock/E3,Chrome,87,1080,1920,1080,1920,124144.34,1/8/21,,5fd1b7ce7f95581cbe63eec6,5ff86e5257f6ac0626c69670,5ff88d184ad5240b5b600905
5,185,,,,"2AFC IB Experiment - Mack and Rock, 4 Trials, Gray Background, Isoluminant Red or Blue Line Left/Right, Report Color",https://www.mn.perceptionresearch.org/IB_MackRock/E3,Safari,604,1702,980,896,414,68446,1/8/21,N,5f9b9f408fb1b13c6dd749b9,5ff86e5257f6ac0626c69670,5ff8926d643cdf0c37207529
5,186,yes,33,42,"2AFC IB Experiment - Mack and Rock, 4 Trials, Gray Background, Isoluminant Red or Blue Line Left/Right, Report Color",https://www.mn.perceptionresearch.org/IB_MackRock/E3,Chrome,87,1080,1920,1080,1920,72326.52,1/8/21,,5eaaec2b20164307379ebf63,5ff86e5257f6ac0626c69670,5ff88ed18794b00b4e4166a9
5,187,yes,26,42,"2AFC IB Experiment - Mack and Rock, 4 Trials, Gray Background, Isoluminant Red or Blue Line Left/Right, Report Color",https://www.mn.perceptionresearch.org/IB_MackRock/E3,Firefox,84,148,1920,1080,1920,90045,1/8/21,The study was very intersting.,5f52c66cf5bba95cf9f90c66,5ff86e5257f6ac0626c69670,5ff891e7912dc10c2b568a03
5,188,yes,32,42,"2AFC IB Experiment - Mack and Rock, 4 Trials, Gray Background, Isoluminant Red or Blue Line Left/Right, Report Color",https://www.mn.perceptionresearch.org/IB_MackRock/E3,Chrome,87,548,1218,900,1600,70978.295,1/8/21,,5ea9c19ffb690111a323008e,5ff86e5257f6ac0626c69670,5ff884a160e8b208e3087438
5,189,no,53,42,"2AFC IB Experiment - Mack and Rock, 4 Trials, Gray Background, Isoluminant Red or Blue Line Left/Right, Report Color",https://www.mn.perceptionresearch.org/IB_MackRock/E3,Chrome,87,876,1821,768,1366,143674,1/8/21,,59d1e366faf42e00012b6c1c,5ff86e5257f6ac0626c69670,5ff892c20178160c57ede51c
5,190,yes,36,42,"2AFC IB Experiment - Mack and Rock, 4 Trials, Gray Background, Isoluminant Red or Blue Line Left/Right, Report Color",https://www.mn.perceptionresearch.org/IB_MackRock/E3,Chrome,87,768,1366,768,1366,91308.64,1/8/21,,5e836a3c2598d409928dae31,5ff86e5257f6ac0626c69670,5ff88548ea5af009fd6f7b93
5,191,no,21,42,"2AFC IB Experiment - Mack and Rock, 4 Trials, Gray Background, Isoluminant Red or Blue Line Left/Right, Report Color",https://www.mn.perceptionresearch.org/IB_MackRock/E3,Safari,605,900,1440,900,1440,83318,1/8/21,,5f8f52227dcc591ac0f921e3,5ff86e5257f6ac0626c69670,5ff892f78a00520c1ced9f25
5,192,yes,33,42,"2AFC IB Experiment - Mack and Rock, 4 Trials, Gray Background, Isoluminant Red or Blue Line Left/Right, Report Color",https://www.mn.perceptionresearch.org/IB_MackRock/E3,Chrome,87,900,1440,900,1440,73297.425,1/8/21,,5f5ecacc31647079c6165919,5ff86e5257f6ac0626c69670,5ff893bb8794b00c3e6e1f8c
5,193,yes,20,48,"2AFC IB Experiment - Mack and Rock, 4 Trials, Gray Background, Isoluminant Red or Blue Line Left/Right, Report Color",https://www.mn.perceptionresearch.org/IB_MackRock/E3,Chrome,71,1440,2560,1440,2560,171333.1,1/8/21,Thank you! Stay healthy during this time!,5e29ccc854c76b02f99215ee,5ff86e5257f6ac0626c69670,5ff8879cafd12909dedfc134
5,194,no,28,42,"2AFC IB Experiment - Mack and Rock, 4 Trials, Gray Background, Isoluminant Red or Blue Line Left/Right, Report Color",https://www.mn.perceptionresearch.org/IB_MackRock/E3,Chrome,87,900,1440,900,1440,77310.255,1/8/21,,5d94e649159ef000167ba5f4,5ff86e5257f6ac0626c69670,5ff892c06483da0ca48b4463
5,195,yes,31,42,"2AFC IB Experiment - Mack and Rock, 4 Trials, Gray Background, Isoluminant Red or Blue Line Left/Right, Report Color",https://www.mn.perceptionresearch.org/IB_MackRock/E3,Firefox,84,148,3440,1440,3440,58027,1/8/21,,5cf8529eb13a580001bdc7d9,5ff86e5257f6ac0626c69670,5ff893a6eb61550c1e546090
5,196,yes,27,42,"2AFC IB Experiment - Mack and Rock, 4 Trials, Gray Background, Isoluminant Red or Blue Line Left/Right, Report Color",https://www.mn.perceptionresearch.org/IB_MackRock/E3,Chrome,87,1080,1920,1080,1920,63799.105,1/8/21,,5c535974b7cf140001d308d3,5ff86e5257f6ac0626c69670,5ff88ffe8f00050bb8287565
5,197,,,,"2AFC IB Experiment - Mack and Rock, 4 Trials, Gray Background, Isoluminant Red or Blue Line Left/Right, Report Color",https://www.mn.perceptionresearch.org/IB_MackRock/E3,Chrome,87,1666,980,740,360,57522.6,1/8/21,,5fb16b74db3ebe611d8503e5,5ff86e5257f6ac0626c69670,5ff88ce5c4ed500ac84a0dc1
5,198,yes,29,42,"2AFC IB Experiment - Mack and Rock, 4 Trials, Gray Background, Isoluminant Red or Blue Line Left/Right, Report Color",https://www.mn.perceptionresearch.org/IB_MackRock/E3,Chrome,89,864,1536,864,1536,71618.035,1/8/21,,5e4c40c495fca1000d893735,5ff86e5257f6ac0626c69670,5ff89a3e6017b70e41d9983b
5,199,yes,40,42,"2AFC IB Experiment - Mack and Rock, 4 Trials, Gray Background, Isoluminant Red or Blue Line Left/Right, Report Color",https://www.mn.perceptionresearch.org/IB_MackRock/E3,Chrome,87,681,1210,680,1209,87029.715,1/8/21,,5f6d30df91ab0019d8df6cad,5ff86e5257f6ac0626c69670,5ff88fdfa5b8ef0c2b671456
5,200,no,57,42,"2AFC IB Experiment - Mack and Rock, 4 Trials, Gray Background, Isoluminant Red or Blue Line Left/Right, Report Color",https://www.mn.perceptionresearch.org/IB_MackRock/E3,Chrome,87,576,1024,720,1280,120552.445,1/8/21,color blind test?,5ec444b29c7ec91758b6d6b1,5ff86e5257f6ac0626c69670,5ff890faa618410bc5d5c455
5,201,no,36,42,"2AFC IB Experiment - Mack and Rock, 4 Trials, Gray Background, Isoluminant Red or Blue Line Left/Right, Report Color",https://www.mn.perceptionresearch.org/IB_MackRock/E3,Chrome,87,768,1366,768,1366,108782.905,1/8/21,,5fb1c8cdbf116f7140c7a27e,5ff86e5257f6ac0626c69670,5ff87e5b60e8b20866058dc5
5,202,no,24,42,"2AFC IB Experiment - Mack and Rock, 4 Trials, Gray Background, Isoluminant Red or Blue Line Left/Right, Report Color",https://www.mn.perceptionresearch.org/IB_MackRock/E3,Chrome,87,625,1366,768,1366,94530.28,1/8/21,,5ed885609d0c93397b6b50fd,5ff86e5257f6ac0626c69670,5ff88402afd1290879c712ae
5,203,yes,32,42,"2AFC IB Experiment - Mack and Rock, 4 Trials, Gray Background, Isoluminant Red or Blue Line Left/Right, Report Color",https://www.mn.perceptionresearch.org/IB_MackRock/E3,Chrome,87,1050,1680,1050,1680,127116.035,1/8/21,,5dd5d38b7f1bbf591aeda610,5ff86e5257f6ac0626c69670,5ff891ad0d084e0c397af92a
5,204,no,67,48,"2AFC IB Experiment - Mack and Rock, 4 Trials, Gray Background, Isoluminant Red or Blue Line Left/Right, Report Color",https://www.mn.perceptionresearch.org/IB_MackRock/E3,Chrome,87,768,1366,768,1366,157054.345,1/8/21,,5be6e678d153f500019a5dcc,5ff86e5257f6ac0626c69670,5ff8925a912dc10c9e7c3503
5,205,yes,23,42,"2AFC IB Experiment - Mack and Rock, 4 Trials, Gray Background, Isoluminant Red or Blue Line Left/Right, Report Color",https://www.mn.perceptionresearch.org/IB_MackRock/E3,Firefox,78,21,1280,720,1280,96449,1/8/21,,5e8e01b6835f3608583cd894,5ff86e5257f6ac0626c69670,5ff892cad4e7900c9c48524c
5,206,no,22,42,"2AFC IB Experiment - Mack and Rock, 4 Trials, Gray Background, Isoluminant Red or Blue Line Left/Right, Report Color",https://www.mn.perceptionresearch.org/IB_MackRock/E3,Chrome,87,720,1280,720,1280,66190.28,1/8/21,,5f91ad1383e7f604b18ae4cb,5ff86e5257f6ac0626c69670,5ff891f98347740c2e0c6ee3
5,207,no,21,42,"2AFC IB Experiment - Mack and Rock, 4 Trials, Gray Background, Isoluminant Red or Blue Line Left/Right, Report Color",https://www.mn.perceptionresearch.org/IB_MackRock/E3,Chrome,87,720,1280,720,1280,66416.615,1/8/21,N/A,5fbda18573c8f11e26b3425d,5ff86e5257f6ac0626c69670,5ff893be0d03980cc7fdec4c
5,208,yes,23,42,"2AFC IB Experiment - Mack and Rock, 4 Trials, Gray Background, Isoluminant Red or Blue Line Left/Right, Report Color",https://www.mn.perceptionresearch.org/IB_MackRock/E3,Firefox,78,145,1280,720,1280,96464,1/8/21,,5e8e01b6835f3608583cd894,5ff86e5257f6ac0626c69670,5ff892cad4e7900c9c48524c
5,209,yes,25,42,"2AFC IB Experiment - Mack and Rock, 4 Trials, Gray Background, Isoluminant Red or Blue Line Left/Right, Report Color",https://www.mn.perceptionresearch.org/IB_MackRock/E3,Chrome,87,1080,1920,1080,1920,65679.045,1/8/21,,5fb2aee24c8b229031dc0f34,5ff86e5257f6ac0626c69670,5ff88ff2f5eb250b8c37e048
5,210,no,24,42,"2AFC IB Experiment - Mack and Rock, 4 Trials, Gray Background, Isoluminant Red or Blue Line Left/Right, Report Color",https://www.mn.perceptionresearch.org/IB_MackRock/E3,Firefox,84,146,1680,1050,1680,70208,1/8/21,,5c31921e43b64d000171d238,5ff86e5257f6ac0626c69670,5ff888cb1c5ba40a5296e4d1
5,211,yes,20,42,"2AFC IB Experiment - Mack and Rock, 4 Trials, Gray Background, Isoluminant Red or Blue Line Left/Right, Report Color",https://www.mn.perceptionresearch.org/IB_MackRock/E3,Chrome,87,900,1600,900,1600,81537.6,1/8/21,,5f1a001a3e85b20c99e43efb,5ff86e5257f6ac0626c69670,5ff8913aa618410c390fff0a
5,212,yes,24,98,"2AFC IB Experiment - Mack and Rock, 4 Trials, Gray Background, Isoluminant Red or Blue Line Left/Right, Report Color",https://www.mn.perceptionresearch.org/IB_MackRock/E3,Chrome,87,937,1920,1080,1920,83320.14,1/8/21,,5da90151062efc00151a593c,5ff86e5257f6ac0626c69670,5ff89138d2ca6f0b409f7571
5,213,yes,28,42,"2AFC IB Experiment - Mack and Rock, 4 Trials, Gray Background, Isoluminant Red or Blue Line Left/Right, Report Color",https://www.mn.perceptionresearch.org/IB_MackRock/E3,Chrome,87,1080,1920,1080,1920,138180.415,1/8/21,none,5ee82a46e6b51f000bb84f72,5ff86e5257f6ac0626c69670,5ff89293581b770cadb15029
5,214,yes,22,42,"2AFC IB Experiment - Mack and Rock, 4 Trials, Gray Background, Isoluminant Red or Blue Line Left/Right, Report Color",https://www.mn.perceptionresearch.org/IB_MackRock/E3,Safari,605,900,1440,900,1440,57339,1/8/21,,5e78463da9db373bfee6bd36,5ff86e5257f6ac0626c69670,5ff88e09efae6a0a6212ce35
5,215,no,28,42,"2AFC IB Experiment - Mack and Rock, 4 Trials, Gray Background, Isoluminant Red or Blue Line Left/Right, Report Color",https://www.mn.perceptionresearch.org/IB_MackRock/E3,Chrome,87,977,1920,1080,1920,126519.915,1/8/21,THIS WAS FUN! :),5f1090a91500351f260ebd38,5ff86e5257f6ac0626c69670,5ff88e470692d70bac3f6ccf
5,216,no,53,42,"2AFC IB Experiment - Mack and Rock, 4 Trials, Gray Background, Isoluminant Red or Blue Line Left/Right, Report Color",https://www.mn.perceptionresearch.org/IB_MackRock/E3,Chrome,87,900,1600,900,1600,101630.295,1/8/21,na,5cb29cc0a9827c0001e7e477,5ff86e5257f6ac0626c69670,5ff88f39faa79c0ba7b59887
5,217,no,25,42,"2AFC IB Experiment - Mack and Rock, 4 Trials, Gray Background, Isoluminant Red or Blue Line Left/Right, Report Color",https://www.mn.perceptionresearch.org/IB_MackRock/E3,Chrome,87,627,1326,768,1366,86599.39,1/8/21,,5f870000230ebd089afdc4d4,5ff86e5257f6ac0626c69670,5ff8930ede0ea20c38813a97
5,218,no,54,48,"2AFC IB Experiment - Mack and Rock, 4 Trials, Gray Background, Isoluminant Red or Blue Line Left/Right, Report Color",https://www.mn.perceptionresearch.org/IB_MackRock/E3,Chrome,87,1024,1280,1024,1280,138103.945,1/8/21,,5fc838109e99f3178d83db35,5ff86e5257f6ac0626c69670,5ff88883de0ea20971d9a866
5,219,no,30,42,"2AFC IB Experiment - Mack and Rock, 4 Trials, Gray Background, Isoluminant Red or Blue Line Left/Right, Report Color",https://www.mn.perceptionresearch.org/IB_MackRock/E3,Chrome,87,1080,1920,1080,1920,143813.905,1/8/21,,5c479e4cdeaef300017e5c9c,5ff86e5257f6ac0626c69670,5ff88ffba1f5f20b5e13fca3
5,220,yes,24,42,"2AFC IB Experiment - Mack and Rock, 4 Trials, Gray Background, Isoluminant Red or Blue Line Left/Right, Report Color",https://www.mn.perceptionresearch.org/IB_MackRock/E3,Chrome,87,800,1280,800,1280,94624.31,1/8/21,,5d59d9884e2ab80001d1e126,5ff86e5257f6ac0626c69670,5ff87e282fe889086f18e19e
5,221,yes,27,42,"2AFC IB Experiment - Mack and Rock, 4 Trials, Gray Background, Isoluminant Red or Blue Line Left/Right, Report Color",https://www.mn.perceptionresearch.org/IB_MackRock/E3,Chrome,87,900,1440,900,1440,96078.87,1/8/21,None at this time,5f7ba173b2c82517fe6bf2a1,5ff86e5257f6ac0626c69670,5ff890dd34750a0c3d5c310c
5,222,yes,31,42,"2AFC IB Experiment - Mack and Rock, 4 Trials, Gray Background, Isoluminant Red or Blue Line Left/Right, Report Color",https://www.mn.perceptionresearch.org/IB_MackRock/E3,Chrome,87,768,1366,768,1366,111820.38,1/8/21,,5debb1f0ce8d8d2b6faa5f8a,5ff86e5257f6ac0626c69670,5ff87d10c73c7107f4a83da3
5,223,yes,41,42,"2AFC IB Experiment - Mack and Rock, 4 Trials, Gray Background, Isoluminant Red or Blue Line Left/Right, Report Color",https://www.mn.perceptionresearch.org/IB_MackRock/E3,Chrome,87,720,1280,720,1280,117180.945,1/8/21,I can't believe I fell for it. If I did?,5e7e659ae47a3d5249d9bd9e,5ff86e5257f6ac0626c69670,5ff880dc2f3435095e79fd74
5,224,no,30,42,"2AFC IB Experiment - Mack and Rock, 4 Trials, Gray Background, Isoluminant Red or Blue Line Left/Right, Report Color",https://www.mn.perceptionresearch.org/IB_MackRock/E3,Firefox,84,22,1920,1080,1920,96755,1/8/21,,5b90bf1a42e93f00017cc9e9,5ff86e5257f6ac0626c69670,5ff883c18794b00791ccdffc
5,225,no,21,42,"2AFC IB Experiment - Mack and Rock, 4 Trials, Gray Background, Isoluminant Red or Blue Line Left/Right, Report Color",https://www.mn.perceptionresearch.org/IB_MackRock/E3,Chrome,81,148,1920,1080,1920,68870,1/8/21,,5cc5aec9ef83da0001cffead,5ff86e5257f6ac0626c69670,5ff88b58a301640b3e38fc17
5,226,yes,40,42,"2AFC IB Experiment - Mack and Rock, 4 Trials, Gray Background, Isoluminant Red or Blue Line Left/Right, Report Color",https://www.mn.perceptionresearch.org/IB_MackRock/E3,Chrome,87,1080,1920,1080,1920,104469.865,1/8/21,,57db16a1a4e40600014e9040,5ff86e5257f6ac0626c69670,5ff890f8c4ed500bba11730f
5,227,no,26,42,"2AFC IB Experiment - Mack and Rock, 4 Trials, Gray Background, Isoluminant Red or Blue Line Left/Right, Report Color",https://www.mn.perceptionresearch.org/IB_MackRock/E3,Chrome,87,900,1600,900,1600,154582.82,1/8/21,,5f83138efa73fa44e23c5237,5ff86e5257f6ac0626c69670,5ff88987d1a7a00966398414
5,228,no,29,42,"2AFC IB Experiment - Mack and Rock, 4 Trials, Gray Background, Isoluminant Red or Blue Line Left/Right, Report Color",https://www.mn.perceptionresearch.org/IB_MackRock/E3,Chrome,87,1080,1920,1080,1920,94308.68,1/8/21,,5671927473f58b000d664293,5ff86e5257f6ac0626c69670,5ff88fbcab2d540b3794d344
5,229,,,,"2AFC IB Experiment - Mack and Rock, 4 Trials, Gray Background, Isoluminant Red or Blue Line Left/Right, Report Color",https://www.mn.perceptionresearch.org/IB_MackRock/E3,Chrome,87,1362,980,1280,800,75464.9,1/8/21,,5f60d1dbfc02e3049c1ec760,5ff86e5257f6ac0626c69670,5ff88a87f7d7e70b49dc52bc
5,230,yes,24,42,"2AFC IB Experiment - Mack and Rock, 4 Trials, Gray Background, Isoluminant Red or Blue Line Left/Right, Report Color",https://www.mn.perceptionresearch.org/IB_MackRock/E3,Safari,605,1152,2048,1152,2048,50101,1/8/21,,5d3c660793eb2d00017880db,5ff86e5257f6ac0626c69670,5ff892f1643cdf0c354ee14e
5,231,yes,20,42,"2AFC IB Experiment - Mack and Rock, 4 Trials, Gray Background, Isoluminant Red or Blue Line Left/Right, Report Color",https://www.mn.perceptionresearch.org/IB_MackRock/E3,Chrome,87,1152,2048,1152,2048,88910.95,1/8/21,,5f628e498c22823123ecfcc8,5ff86e5257f6ac0626c69670,5ff88f171d7d090c2c79b97b
5,232,no,52,42,"2AFC IB Experiment - Mack and Rock, 4 Trials, Gray Background, Isoluminant Red or Blue Line Left/Right, Report Color",https://www.mn.perceptionresearch.org/IB_MackRock/E3,Chrome,87,783,1392,783,1392,88191.485,1/8/21,,5910a67f5a530d00011f9561,5ff86e5257f6ac0626c69670,5ff890491257b60c30e6950d
5,233,yes,28,42,"2AFC IB Experiment - Mack and Rock, 4 Trials, Gray Background, Isoluminant Red or Blue Line Left/Right, Report Color",https://www.mn.perceptionresearch.org/IB_MackRock/E3,Chrome,87,900,1440,900,1440,106520.31,1/8/21,,5c5258cfef90a30001840860,5ff86e5257f6ac0626c69670,5ff89283f2c94d0c440b884c
5,234,yes,30,42,"2AFC IB Experiment - Mack and Rock, 4 Trials, Gray Background, Isoluminant Red or Blue Line Left/Right, Report Color",https://www.mn.perceptionresearch.org/IB_MackRock/E3,Chrome,84,720,1280,720,1280,80859.355,1/8/21,,5e9a13607f6aab090d1b4d29,5ff86e5257f6ac0626c69670,5ff88d9916664d0aefd5bb88
5,235,yes,31,42,"2AFC IB Experiment - Mack and Rock, 4 Trials, Gray Background, Isoluminant Red or Blue Line Left/Right, Report Color",https://www.mn.perceptionresearch.org/IB_MackRock/E3,Chrome,87,720,1280,720,1280,74843.34,1/8/21,,5bc9f91f418bad00016c6773,5ff86e5257f6ac0626c69670,5ff88aac4db3aa0acd6a5243
5,236,yes,23,42,"2AFC IB Experiment - Mack and Rock, 4 Trials, Gray Background, Isoluminant Red or Blue Line Left/Right, Report Color",https://www.mn.perceptionresearch.org/IB_MackRock/E3,Chrome,87,1050,1680,1050,1680,76205.965,1/8/21,This was fun!,5e7f514bb18cb4000a68310d,5ff86e5257f6ac0626c69670,5ff890827211c70c1f9ff5b8
5,237,yes,31,42,"2AFC IB Experiment - Mack and Rock, 4 Trials, Gray Background, Isoluminant Red or Blue Line Left/Right, Report Color",https://www.mn.perceptionresearch.org/IB_MackRock/E3,Chrome,87,768,1366,768,1366,111795.79,1/8/21,,5debb1f0ce8d8d2b6faa5f8a,5ff86e5257f6ac0626c69670,5ff87d10c73c7107f4a83da3
5,238,yes,27,42,"2AFC IB Experiment - Mack and Rock, 4 Trials, Gray Background, Isoluminant Red or Blue Line Left/Right, Report Color",https://www.mn.perceptionresearch.org/IB_MackRock/E3,Chrome,87,1080,1920,1080,1920,97514.44,1/8/21,,5fbd2fffbbfb2d070580d353,5ff86e5257f6ac0626c69670,5ff88f90d47e180c3963ec4c
5,239,no,19,42,"2AFC IB Experiment - Mack and Rock, 4 Trials, Gray Background, Isoluminant Red or Blue Line Left/Right, Report Color",https://www.mn.perceptionresearch.org/IB_MackRock/E3,Firefox,84,148,1366,768,1366,123226,1/8/21,,5e72635cbea4de1a4e6afdd2,5ff86e5257f6ac0626c69670,5ff89209faa79c0ba7b59897
5,240,no,26,42,"2AFC IB Experiment - Mack and Rock, 4 Trials, Gray Background, Isoluminant Red or Blue Line Left/Right, Report Color",https://www.mn.perceptionresearch.org/IB_MackRock/E3,Chrome,87,657,1366,768,1366,279574.38,1/8/21,,5f8316321b3c2c07533780a3,5ff86e5257f6ac0626c69670,5ff88b887dfb430af2235c23
5,241,yes,29,42,"2AFC IB Experiment - Mack and Rock, 4 Trials, Gray Background, Isoluminant Red or Blue Line Left/Right, Report Color",https://www.mn.perceptionresearch.org/IB_MackRock/E3,Chrome,86,1050,1680,1050,1680,64006.875,1/8/21,,5a8e095ff1408d000176d5d1,5ff86e5257f6ac0626c69670,5ff89156072fe90c275ff157
5,242,no,52,49,"2AFC IB Experiment - Mack and Rock, 4 Trials, Gray Background, Isoluminant Red or Blue Line Left/Right, Report Color",https://www.mn.perceptionresearch.org/IB_MackRock/E3,Firefox,84,148,1920,1080,1920,127892,1/8/21,,5e8106c17dd7d503f9d650ab,5ff86e5257f6ac0626c69670,5ff8866c34df6608eb95c4b0
5,243,yes,27,42,"2AFC IB Experiment - Mack and Rock, 4 Trials, Gray Background, Isoluminant Red or Blue Line Left/Right, Report Color",https://www.mn.perceptionresearch.org/IB_MackRock/E3,Chrome,87,1080,1920,1080,1920,84042.205,1/8/21,,5ec5743dfa93e055be60c23d,5ff86e5257f6ac0626c69670,5ff892e60d084e0bc35a28f3
5,244,no,31,42,"2AFC IB Experiment - Mack and Rock, 4 Trials, Gray Background, Isoluminant Red or Blue Line Left/Right, Report Color",https://www.mn.perceptionresearch.org/IB_MackRock/E3,Safari,605,900,1440,900,1440,140617,1/8/21,,58659bf958ca4c00018ccbea,5ff86e5257f6ac0626c69670,5ff893d5c103040c9a1fb022
5,245,no,50,42,"2AFC IB Experiment - Mack and Rock, 4 Trials, Gray Background, Isoluminant Red or Blue Line Left/Right, Report Color",https://www.mn.perceptionresearch.org/IB_MackRock/E3,Chrome,87,768,1360,768,1360,569337.595,1/8/21,,593a1500771f6b00014b19a2,5ff86e5257f6ac0626c69670,5ff88eabfaa79c0ba7b59883
5,246,no,62,42,"2AFC IB Experiment - Mack and Rock, 4 Trials, Gray Background, Isoluminant Red or Blue Line Left/Right, Report Color",https://www.mn.perceptionresearch.org/IB_MackRock/E3,Firefox,78,146,1440,900,1440,75409,1/8/21,,5eed61d5177a731996a1ef2e,5ff86e5257f6ac0626c69670,5ff888d1d2ca6f0a548b3da2
5,247,yes,25,42,"2AFC IB Experiment - Mack and Rock, 4 Trials, Gray Background, Isoluminant Red or Blue Line Left/Right, Report Color",https://www.mn.perceptionresearch.org/IB_MackRock/E3,Firefox,84,22,1360,768,1360,57371,1/8/21,,5bdcf0649ab26e0001a4947c,5ff86e5257f6ac0626c69670,5ff88ac2223a2e0ad91e8352
5,248,yes,59,42,"2AFC IB Experiment - Mack and Rock, 4 Trials, Gray Background, Isoluminant Red or Blue Line Left/Right, Report Color",https://www.mn.perceptionresearch.org/IB_MackRock/E3,Chrome,87,768,1366,768,1366,174053.44,1/8/21,No comments.,5b91f3f9d99ca20001ef6d8b,5ff86e5257f6ac0626c69670,5ff88e7f75dc6a0bc02f5975
5,249,no,30,42,"2AFC IB Experiment - Mack and Rock, 4 Trials, Gray Background, Isoluminant Red or Blue Line Left/Right, Report Color",https://www.mn.perceptionresearch.org/IB_MackRock/E3,Chrome,87,768,1366,768,1366,87899.845,1/8/21,,5db4a409d27e05000f0eaa00,5ff86e5257f6ac0626c69670,5ff891cd24c6e00c189919d2
5,250,yes,20,42,"2AFC IB Experiment - Mack and Rock, 4 Trials, Gray Background, Isoluminant Red or Blue Line Left/Right, Report Color",https://www.mn.perceptionresearch.org/IB_MackRock/E3,Chrome,87,864,1536,864,1536,59928.33,1/8/21,,5f4b268e99a3f9000bef04a5,5ff86e5257f6ac0626c69670,5ff88dd862b9890bdc778de8
5,251,yes,30,42,"2AFC IB Experiment - Mack and Rock, 4 Trials, Gray Background, Isoluminant Red or Blue Line Left/Right, Report Color",https://www.mn.perceptionresearch.org/IB_MackRock/E3,Chrome,87,1050,1680,1050,1680,80087.505,1/8/21,,5e1882adfd7db4158998b5f0,5ff86e5257f6ac0626c69670,5ff88e0367f3900b32eaec07
5,252,yes,26,42,"2AFC IB Experiment - Mack and Rock, 4 Trials, Gray Background, Isoluminant Red or Blue Line Left/Right, Report Color",https://www.mn.perceptionresearch.org/IB_MackRock/E3,Chrome,87,1080,1920,1080,1920,59837.48,1/8/21,,5f0d0bb334aaaf7151fee628,5ff86e5257f6ac0626c69670,5ff88fdca618410bc5d5c448
5,253,,,,"2AFC IB Experiment - Mack and Rock, 4 Trials, Gray Background, Isoluminant Red or Blue Line Left/Right, Report Color",https://www.mn.perceptionresearch.org/IB_MackRock/E3,Chrome,87,754,393,754,393,64846.3,1/8/21,,5fc59360dd66aa1178eb2abd,5ff86e5257f6ac0626c69670,5ff88fa51d7d090c2c79b97d
5,254,no,27,42,"2AFC IB Experiment - Mack and Rock, 4 Trials, Gray Background, Isoluminant Red or Blue Line Left/Right, Report Color",https://www.mn.perceptionresearch.org/IB_MackRock/E3,Chrome,87,1080,1920,1080,1920,60705.065,1/8/21,,570665aeac75a4000f94eddc,5ff86e5257f6ac0626c69670,5ff890efa301640c2f12cc41
5,255,yes,36,42,"2AFC IB Experiment - Mack and Rock, 4 Trials, Gray Background, Isoluminant Red or Blue Line Left/Right, Report Color",https://www.mn.perceptionresearch.org/IB_MackRock/E3,Firefox,84,146,1536,864,1536,98395,1/8/21,,5f00f1c372566522f9909415,5ff86e5257f6ac0626c69670,5ff88bf87d5a4e0abe99e68e
5,256,yes,31,42,"2AFC IB Experiment - Mack and Rock, 4 Trials, Gray Background, Isoluminant Red or Blue Line Left/Right, Report Color",https://www.mn.perceptionresearch.org/IB_MackRock/E3,Chrome,86,939,1670,939,1669,88389.095,1/8/21,,5fa1a20a165aa92e3a259d3f,5ff86e5257f6ac0626c69670,5ff88c482fe8890bc2821c56
5,257,yes,20,42,"2AFC IB Experiment - Mack and Rock, 4 Trials, Gray Background, Isoluminant Red or Blue Line Left/Right, Report Color",https://www.mn.perceptionresearch.org/IB_MackRock/E3,Chrome,87,864,1536,864,1536,129929.84,1/8/21,,5e1501e8da6badb1a6950b8c,5ff86e5257f6ac0626c69670,5ff893c6d8e2f50ccda86824
5,258,no,26,42,"2AFC IB Experiment - Mack and Rock, 4 Trials, Gray Background, Isoluminant Red or Blue Line Left/Right, Report Color",https://www.mn.perceptionresearch.org/IB_MackRock/E3,Firefox,84,148,1920,1080,1920,71410,1/8/21,thank you,569cffa09e8363000c3087cd,5ff86e5257f6ac0626c69670,5ff8918c14e4270c4280d20d
5,259,no,26,42,"2AFC IB Experiment - Mack and Rock, 4 Trials, Gray Background, Isoluminant Red or Blue Line Left/Right, Report Color",https://www.mn.perceptionresearch.org/IB_MackRock/E3,Chrome,87,900,1440,900,1440,80436.44,1/8/21,,5cd465fcb227d6001803fa49,5ff86e5257f6ac0626c69670,5ff893e67dfb430d53e7db04
5,260,no,64,42,"2AFC IB Experiment - Mack and Rock, 4 Trials, Gray Background, Isoluminant Red or Blue Line Left/Right, Report Color",https://www.mn.perceptionresearch.org/IB_MackRock/E3,Chrome,87,578,1280,720,1280,387319.46,1/8/21,"This was fun
",5f734d7738e92e037721c241,5ff86e5257f6ac0626c69670,5ff88dd814e4270ad9ec339a
5,261,yes,25,42,"2AFC IB Experiment - Mack and Rock, 4 Trials, Gray Background, Isoluminant Red or Blue Line Left/Right, Report Color",https://www.mn.perceptionresearch.org/IB_MackRock/E3,Chrome,87,864,1536,864,1536,109492.06,1/8/21,This was nice and easy to complete. Had no issues. Thanks!,5f218ec7604e35564a7ea1ea,5ff86e5257f6ac0626c69670,5ff88fcab591c60bc95d8bb9
5,262,yes,19,42,"2AFC IB Experiment - Mack and Rock, 4 Trials, Gray Background, Isoluminant Red or Blue Line Left/Right, Report Color",https://www.mn.perceptionresearch.org/IB_MackRock/E3,Chrome,87,720,1280,720,1280,84771.18,1/8/21,,5eb30f3df0b5800d9933b806,5ff86e5257f6ac0626c69670,5ff891326a5ef50bc9bfba61
5,263,yes,20,42,"2AFC IB Experiment - Mack and Rock, 4 Trials, Gray Background, Isoluminant Red or Blue Line Left/Right, Report Color",https://www.mn.perceptionresearch.org/IB_MackRock/E3,Chrome,87,1080,1920,1080,1920,86275.405,1/8/21,,5f12f0a6da7448296725a476,5ff86e5257f6ac0626c69670,5ff87b4a78203f06b824eac8
5,264,yes,22,42,"2AFC IB Experiment - Mack and Rock, 4 Trials, Gray Background, Isoluminant Red or Blue Line Left/Right, Report Color",https://www.mn.perceptionresearch.org/IB_MackRock/E3,Firefox,84,146,1536,864,1536,87865,1/8/21,,5cf551508926360018a5e9ff,5ff86e5257f6ac0626c69670,5ff89251643cdf0c354ee14a
5,265,yes,42,42,"2AFC IB Experiment - Mack and Rock, 4 Trials, Gray Background, Isoluminant Red or Blue Line Left/Right, Report Color",https://www.mn.perceptionresearch.org/IB_MackRock/E3,Chrome,87,768,1366,768,1365,275603.475,1/8/21,the images flashed faster than I could find the cross on the screene and look at it.,5aeda69f9457e00001054d76,5ff86e5257f6ac0626c69670,5ff8897c4c41e209c8609b1f
5,266,no,31,42,"2AFC IB Experiment - Mack and Rock, 4 Trials, Gray Background, Isoluminant Red or Blue Line Left/Right, Report Color",https://www.mn.perceptionresearch.org/IB_MackRock/E3,Chrome,87,768,1360,768,1360,99897.85,1/8/21,,5c5732a80a537a00019ea4eb,5ff86e5257f6ac0626c69670,5ff88934223a2e09ea193a02
5,267,yes,42,42,"2AFC IB Experiment - Mack and Rock, 4 Trials, Gray Background, Isoluminant Red or Blue Line Left/Right, Report Color",https://www.mn.perceptionresearch.org/IB_MackRock/E3,Firefox,84,146,1536,864,1536,91658,1/8/21,,5dd3f00ba9ead03cde542872,5ff86e5257f6ac0626c69670,5ff89128cea25a0c3b1dc5f2
5,268,no,34,42,"2AFC IB Experiment - Mack and Rock, 4 Trials, Gray Background, Isoluminant Red or Blue Line Left/Right, Report Color",https://www.mn.perceptionresearch.org/IB_MackRock/E3,Firefox,84,146,1680,1050,1680,63519,1/8/21,,5c751a7605dc5b0001abd882,5ff86e5257f6ac0626c69670,5ff8933e26b5ac0c30a19f82
5,269,yes,64,42,"2AFC IB Experiment - Mack and Rock, 4 Trials, Gray Background, Isoluminant Red or Blue Line Left/Right, Report Color",https://www.mn.perceptionresearch.org/IB_MackRock/E3,Chrome,87,900,1440,900,1440,131925.71,1/8/21,"Good luck with your research.
",58fa3437f718c900016ea5e4,5ff86e5257f6ac0626c69670,5ff88f7b3bd20c0bb7694714
5,270,no,50,42,"2AFC IB Experiment - Mack and Rock, 4 Trials, Gray Background, Isoluminant Red or Blue Line Left/Right, Report Color",https://www.mn.perceptionresearch.org/IB_MackRock/E3,Chrome,87,768,1360,768,1360,569328.06,1/8/21,,593a1500771f6b00014b19a2,5ff86e5257f6ac0626c69670,5ff88eabfaa79c0ba7b59883
5,271,yes,25,42,"2AFC IB Experiment - Mack and Rock, 4 Trials, Gray Background, Isoluminant Red or Blue Line Left/Right, Report Color",https://www.mn.perceptionresearch.org/IB_MackRock/E3,Firefox,84,148,1360,768,1360,57373,1/8/21,,5bdcf0649ab26e0001a4947c,5ff86e5257f6ac0626c69670,5ff88ac2223a2e0ad91e8352
5,272,yes,22,42,"2AFC IB Experiment - Mack and Rock, 4 Trials, Gray Background, Isoluminant Red or Blue Line Left/Right, Report Color",https://www.mn.perceptionresearch.org/IB_MackRock/E3,Chrome,87,1050,1680,1050,1680,111231.8,1/8/21,,5c3285d953d7b1000193464b,5ff86e5257f6ac0626c69670,5ff88ee3d071dd0bb9176304
5,273,yes,20,42,"2AFC IB Experiment - Mack and Rock, 4 Trials, Gray Background, Isoluminant Red or Blue Line Left/Right, Report Color",https://www.mn.perceptionresearch.org/IB_MackRock/E3,Safari,605,900,1440,900,1440,91379,1/8/21,,5ee84563eb3a51000977d93d,5ff86e5257f6ac0626c69670,5ff88de94ad5240b5b600909
5,274,no,55,42,"2AFC IB Experiment - Mack and Rock, 4 Trials, Gray Background, Isoluminant Red or Blue Line Left/Right, Report Color",https://www.mn.perceptionresearch.org/IB_MackRock/E3,Chrome,87,640,1024,640,1024,221089.385,1/8/21,,5d84e353a954540015f51437,5ff86e5257f6ac0626c69670,5ff89222643cdf0c37207525
5,275,no,29,42,"2AFC IB Experiment - Mack and Rock, 4 Trials, Gray Background, Isoluminant Red or Blue Line Left/Right, Report Color",https://www.mn.perceptionresearch.org/IB_MackRock/E3,Chrome,87,800,1280,800,1280,106584.965,1/8/21,,5f39c5e729c84558731bcca3,5ff86e5257f6ac0626c69670,5ff892ce4253f50cb8c8b822
5,276,no,19,42,"2AFC IB Experiment - Mack and Rock, 4 Trials, Gray Background, Isoluminant Red or Blue Line Left/Right, Report Color",https://www.mn.perceptionresearch.org/IB_MackRock/E3,Chrome,87,864,1536,864,1536,64333.675,1/8/21,,5f394ce53b053607008f4b74,5ff86e5257f6ac0626c69670,5ff893d7223a2e0bca571f20
5,277,no,47,42,"2AFC IB Experiment - Mack and Rock, 4 Trials, Gray Background, Isoluminant Red or Blue Line Left/Right, Report Color",https://www.mn.perceptionresearch.org/IB_MackRock/E3,Firefox,84,22,1600,900,1600,131043,1/8/21,Thank you for the opportunity!,5f0e52aa66ece519e2831c7c,5ff86e5257f6ac0626c69670,5ff891db6017b70cd6a7b24e
5,278,no,22,42,"2AFC IB Experiment - Mack and Rock, 4 Trials, Gray Background, Isoluminant Red or Blue Line Left/Right, Report Color",https://www.mn.perceptionresearch.org/IB_MackRock/E3,Chrome,86,864,1536,864,1536,302539.705,1/8/21,,5e8a1827052175000938eb91,5ff86e5257f6ac0626c69670,5ff892876c0abd0b2e677ff0
5,279,no,20,42,"2AFC IB Experiment - Mack and Rock, 4 Trials, Gray Background, Isoluminant Red or Blue Line Left/Right, Report Color",https://www.mn.perceptionresearch.org/IB_MackRock/E3,Chrome,87,720,1280,720,1280,94622.95,1/8/21,,5d8a77b716a9bf0001d969aa,5ff86e5257f6ac0626c69670,5ff883cba1f5f20905bae133
5,280,yes,46,42,"2AFC IB Experiment - Mack and Rock, 4 Trials, Gray Background, Isoluminant Red or Blue Line Left/Right, Report Color",https://www.mn.perceptionresearch.org/IB_MackRock/E3,Chrome,87,768,1366,768,1366,121661.905,1/8/21,,5cb657c6efd4130001bc0041,5ff86e5257f6ac0626c69670,5ff8926c81dc030bc366733a
5,281,yes,19,42,"2AFC IB Experiment - Mack and Rock, 4 Trials, Gray Background, Isoluminant Red or Blue Line Left/Right, Report Color",https://www.mn.perceptionresearch.org/IB_MackRock/E3,Chrome,87,900,1440,900,1440,77279.3,1/8/21,,5fbdd923e3cfd024dc34420e,5ff86e5257f6ac0626c69670,5ff87d7e840bed077d0da177
5,282,,,,"2AFC IB Experiment - Mack and Rock, 4 Trials, Gray Background, Isoluminant Red or Blue Line Left/Right, Report Color",https://www.mn.perceptionresearch.org/IB_MackRock/E3,Safari,605,768,1024,1024,768,62907,1/8/21,,5dd3d6797d45953b9f6c2912,5ff86e5257f6ac0626c69670,5ff8834bdcae1e08f520ab68
5,283,yes,32,42,"2AFC IB Experiment - Mack and Rock, 4 Trials, Gray Background, Isoluminant Red or Blue Line Left/Right, Report Color",https://www.mn.perceptionresearch.org/IB_MackRock/E3,Chrome,87,1080,1920,1080,1920,76571.825,1/8/21,,5d05767056e71d001863ef54,5ff86e5257f6ac0626c69670,5ff8929678203f0cb9762e28
5,284,no,22,68,"2AFC IB Experiment - Mack and Rock, 4 Trials, Gray Background, Isoluminant Red or Blue Line Left/Right, Report Color",https://www.mn.perceptionresearch.org/IB_MackRock/E3,Chrome,87,1080,1920,1080,1920,91860.955,1/8/21,,5e7d324b0b53c33bfeb9e642,5ff86e5257f6ac0626c69670,5ff88fc74391180bc44644c4
5,285,,,,"2AFC IB Experiment - Mack and Rock, 4 Trials, Gray Background, Isoluminant Red or Blue Line Left/Right, Report Color",https://www.mn.perceptionresearch.org/IB_MackRock/E3,Chrome,83,740,360,740,360,105853.9,1/8/21,"On a phone, couldn't click space.",5b54cf4d303c33000165fbd7,5ff86e5257f6ac0626c69670,5ff8920dd4e7900c9c485245
5,286,no,35,42,"2AFC IB Experiment - Mack and Rock, 4 Trials, Gray Background, Isoluminant Red or Blue Line Left/Right, Report Color",https://www.mn.perceptionresearch.org/IB_MackRock/E3,Chrome,87,900,1440,900,1440,117061.11,1/8/21,,5edb269fd20f6b7884b4af69,5ff86e5257f6ac0626c69670,5ff8833a47929408eb30b60f
5,287,yes,27,42,"2AFC IB Experiment - Mack and Rock, 4 Trials, Gray Background, Isoluminant Red or Blue Line Left/Right, Report Color",https://www.mn.perceptionresearch.org/IB_MackRock/E3,Chrome,87,768,1366,768,1366,146578.14,1/8/21,,5c775f3a1d2afc0001f49d03,5ff86e5257f6ac0626c69670,5ff88e88a5b8ef0bb7462488
5,288,yes,48,42,"2AFC IB Experiment - Mack and Rock, 4 Trials, Gray Background, Isoluminant Red or Blue Line Left/Right, Report Color",https://www.mn.perceptionresearch.org/IB_MackRock/E3,Chrome,87,768,1366,768,1366,109137.395,1/8/21,,5ce85b322711fa0001c2978f,5ff86e5257f6ac0626c69670,5ff88de44939670bbeea3859
5,289,no,33,42,"2AFC IB Experiment - Mack and Rock, 4 Trials, Gray Background, Isoluminant Red or Blue Line Left/Right, Report Color",https://www.mn.perceptionresearch.org/IB_MackRock/E3,Chrome,87,720,1280,720,1280,55022.415,1/8/21,,5b6f4f627e33880001cc6ca4,5ff86e5257f6ac0626c69670,5ff892401c5ba40b46f6de0e
5,290,no,28,42,"2AFC IB Experiment - Mack and Rock, 4 Trials, Gray Background, Isoluminant Red or Blue Line Left/Right, Report Color",https://www.mn.perceptionresearch.org/IB_MackRock/E3,Chrome,87,1440,2560,1440,2560,73599.185,1/8/21,,5e4a833ea1b43a000cecd75b,5ff86e5257f6ac0626c69670,5ff887297003b60974f6743a
5,291,no,27,42,"2AFC IB Experiment - Mack and Rock, 4 Trials, Gray Background, Isoluminant Red or Blue Line Left/Right, Report Color",https://www.mn.perceptionresearch.org/IB_MackRock/E3,Chrome,87,1080,1920,1080,1920,115144.905,1/8/21,,5d70366ab5f5ef001796e227,5ff86e5257f6ac0626c69670,5ff89264616b040c1f970de2
5,292,no,21,42,"2AFC IB Experiment - Mack and Rock, 4 Trials, Gray Background, Isoluminant Red or Blue Line Left/Right, Report Color",https://www.mn.perceptionresearch.org/IB_MackRock/E3,Chrome,87,800,1280,800,1280,102661.915,1/8/21,"No comments here, but great job :)",5c59c2a5a102f40001183916,5ff86e5257f6ac0626c69670,5ff89065faa0da0c26eaf837
5,293,,,,"2AFC IB Experiment - Mack and Rock, 4 Trials, Gray Background, Isoluminant Red or Blue Line Left/Right, Report Color",https://www.mn.perceptionresearch.org/IB_MackRock/E3,Chrome,77,862,412,892,412,123220.4,1/8/21,,5f91bc5e70bb7506548a618f,5ff86e5257f6ac0626c69670,5ff89142f54f830c39ad4ee9
5,294,yes,40,42,"2AFC IB Experiment - Mack and Rock, 4 Trials, Gray Background, Isoluminant Red or Blue Line Left/Right, Report Color",https://www.mn.perceptionresearch.org/IB_MackRock/E3,Firefox,84,148,1366,768,1366,250652,1/8/21,,5edbdb8d19fa7f8717e17104,5ff86e5257f6ac0626c69670,5ff893534d10520bc42bfeb7
5,295,no,32,42,"2AFC IB Experiment - Mack and Rock, 4 Trials, Gray Background, Isoluminant Red or Blue Line Left/Right, Report Color",https://www.mn.perceptionresearch.org/IB_MackRock/E3,Chrome,87,900,1600,900,1600,119187.095,1/8/21,,5e67f0321e4f0a0a657c1d08,5ff86e5257f6ac0626c69670,5ff893f8faa0da0c9ce9e33f
5,296,,,,"2AFC IB Experiment - Mack and Rock, 4 Trials, Gray Background, Isoluminant Red or Blue Line Left/Right, Report Color",https://www.mn.perceptionresearch.org/IB_MackRock/E3,Safari,604,1693,980,896,414,63147,1/8/21,,5f56c18c1766951352701182,5ff86e5257f6ac0626c69670,5ff8922c67f3900c25cdd723
5,297,no,40,42,"2AFC IB Experiment - Mack and Rock, 4 Trials, Gray Background, Isoluminant Red or Blue Line Left/Right, Report Color",https://www.mn.perceptionresearch.org/IB_MackRock/E3,Chrome,87,1171,2093,1440,2560,56854.805,1/8/21,,5ab3fc4b5f01000001cb07e2,5ff86e5257f6ac0626c69670,5ff893cb13d0910d1ea4a9fc
5,298,no,24,42,"2AFC IB Experiment - Mack and Rock, 4 Trials, Gray Background, Isoluminant Red or Blue Line Left/Right, Report Color",https://www.mn.perceptionresearch.org/IB_MackRock/E3,Chrome,87,768,1366,768,1366,89163.315,1/8/21,,5eea591930ca5f0ddaa75a7f,5ff86e5257f6ac0626c69670,5ff8881ff10b9b095e78cd5f
5,299,yes,27,42,"2AFC IB Experiment - Mack and Rock, 4 Trials, Gray Background, Isoluminant Red or Blue Line Left/Right, Report Color",https://www.mn.perceptionresearch.org/IB_MackRock/E3,Firefox,84,22,1920,1080,1920,84454,1/8/21,,56f2319af2df32000d8fb1a4,5ff86e5257f6ac0626c69670,5ff88e327230960b3b6e0708
5,300,yes,38,42,"2AFC IB Experiment - Mack and Rock, 4 Trials, Gray Background, Isoluminant Red or Blue Line Left/Right, Report Color",https://www.mn.perceptionresearch.org/IB_MackRock/E3,Chrome,87,837,1488,864,1536,88308.915,1/8/21,,5f6eb18408ed4c3fa68fbf8a,5ff86e5257f6ac0626c69670,5ff8857e4abfd7098d8193bc
5,301,no,53,42,"2AFC IB Experiment - Mack and Rock, 4 Trials, Gray Background, Isoluminant Red or Blue Line Left/Right, Report Color",https://www.mn.perceptionresearch.org/IB_MackRock/E3,Chrome,87,937,1920,1080,1920,134278.895,1/8/21,,5efbc378758e3d16577886e1,5ff86e5257f6ac0626c69670,5ff88e3b62b9890bdc778deb
5,302,yes,28,42,"2AFC IB Experiment - Mack and Rock, 4 Trials, Gray Background, Isoluminant Red or Blue Line Left/Right, Report Color",https://www.mn.perceptionresearch.org/IB_MackRock/E3,Chrome,87,912,1368,912,1368,112012.625,1/8/21,,5f7cc5fb79f2d815510917f5,5ff86e5257f6ac0626c69670,5ff8931d223a2e0c3d7d3959
5,303,no,39,42,"2AFC IB Experiment - Mack and Rock, 4 Trials, Gray Background, Isoluminant Red or Blue Line Left/Right, Report Color",https://www.mn.perceptionresearch.org/IB_MackRock/E3,Firefox,84,146,2560,1440,2560,124030,1/8/21,,5fc7d47e2df9df05bbb0d206,5ff86e5257f6ac0626c69670,5ff8917ada616b0c46b05888
5,304,no,19,42,"2AFC IB Experiment - Mack and Rock, 4 Trials, Gray Background, Isoluminant Red or Blue Line Left/Right, Report Color",https://www.mn.perceptionresearch.org/IB_MackRock/E3,Safari,605,900,1440,900,1440,72157,1/8/21,,5f1ce886fe7ca35bf3a1abb1,5ff86e5257f6ac0626c69670,5ff8920b3711c00bbcba4a55
5,305,yes,40,42,"2AFC IB Experiment - Mack and Rock, 4 Trials, Gray Background, Isoluminant Red or Blue Line Left/Right, Report Color",https://www.mn.perceptionresearch.org/IB_MackRock/E3,Chrome,87,768,1024,768,1024,131606.53,1/8/21,,5d4359295a5b010001523b4e,5ff86e5257f6ac0626c69670,5ff88e1afd90900b514736f7
5,306,no,40,42,"2AFC IB Experiment - Mack and Rock, 4 Trials, Gray Background, Isoluminant Red or Blue Line Left/Right, Report Color",https://www.mn.perceptionresearch.org/IB_MackRock/E3,Chrome,87,768,1366,768,1366,101939.935,1/8/21,,5e080ad36e8aab157b0305fe,5ff86e5257f6ac0626c69670,5ff89339f3bb490bc230a39b
5,307,no,48,42,"2AFC IB Experiment - Mack and Rock, 4 Trials, Gray Background, Isoluminant Red or Blue Line Left/Right, Report Color",https://www.mn.perceptionresearch.org/IB_MackRock/E3,Chrome,87,864,1536,864,1536,83183.155,1/8/21,,5dcca657854936945d68eaa9,5ff86e5257f6ac0626c69670,5ff891c46017b70bda4aebda
5,308,no,55,42,"2AFC IB Experiment - Mack and Rock, 4 Trials, Gray Background, Isoluminant Red or Blue Line Left/Right, Report Color",https://www.mn.perceptionresearch.org/IB_MackRock/E3,Chrome,87,900,1440,900,1440,146077.59,1/8/21,,5d49a0b751695e0001a188a8,5ff86e5257f6ac0626c69670,5ff89293f54f830cad76ce2f
5,309,no,23,42,"2AFC IB Experiment - Mack and Rock, 4 Trials, Gray Background, Isoluminant Red or Blue Line Left/Right, Report Color",https://www.mn.perceptionresearch.org/IB_MackRock/E3,Chrome,86,900,1440,900,1440,58275.885,1/8/21,submit,5f11ea555cb9170eb62aed40,5ff86e5257f6ac0626c69670,5ff893a2c442160c287f314a
5,310,yes,53,42,"2AFC IB Experiment - Mack and Rock, 4 Trials, Gray Background, Isoluminant Red or Blue Line Left/Right, Report Color",https://www.mn.perceptionresearch.org/IB_MackRock/E3,Firefox,84,144,1920,1200,1920,197814,1/8/21,"Dying to know if the surprise line was red or blue. I chose red, but I'm not 100% positive. This was an interesting study.",5dd73240149f536e8726b7b7,5ff86e5257f6ac0626c69670,5ff88c280e74de0b3f294c4e
5,311,no,34,42,"2AFC IB Experiment - Mack and Rock, 4 Trials, Gray Background, Isoluminant Red or Blue Line Left/Right, Report Color",https://www.mn.perceptionresearch.org/IB_MackRock/E3,Chrome,87,1080,1920,1080,1920,63487.1,1/8/21,,5c84014bd34170000141b8d6,5ff86e5257f6ac0626c69670,5ff89226a1f5f20cd6c47f26
5,312,yes,20,42,"2AFC IB Experiment - Mack and Rock, 4 Trials, Gray Background, Isoluminant Red or Blue Line Left/Right, Report Color",https://www.mn.perceptionresearch.org/IB_MackRock/E3,Chrome,87,1024,1280,1024,1280,93667.03,1/8/21,,5ec5ef76b3d603676c0749b1,5ff86e5257f6ac0626c69670,5ff8898a48aa420adac05085
5,313,yes,21,42,"2AFC IB Experiment - Mack and Rock, 4 Trials, Gray Background, Isoluminant Red or Blue Line Left/Right, Report Color",https://www.mn.perceptionresearch.org/IB_MackRock/E3,Chrome,87,900,1440,900,1440,66149.605,1/8/21,,5f91eeb62238d00e10d63e22,5ff86e5257f6ac0626c69670,5ff891353cba8e0b610bd975
5,314,no,27,42,"2AFC IB Experiment - Mack and Rock, 4 Trials, Gray Background, Isoluminant Red or Blue Line Left/Right, Report Color",https://www.mn.perceptionresearch.org/IB_MackRock/E3,Chrome,87,864,1536,864,1536,107889.06,1/8/21,,5bd732dc9760e90001148cd0,5ff86e5257f6ac0626c69670,5ff88caf18f1a60b445f2e8c
5,315,yes,28,42,"2AFC IB Experiment - Mack and Rock, 4 Trials, Gray Background, Isoluminant Red or Blue Line Left/Right, Report Color",https://www.mn.perceptionresearch.org/IB_MackRock/E3,Chrome,87,768,1366,768,1366,93175.565,1/8/21,,58460095a7722e0001305499,5ff86e5257f6ac0626c69670,5ff891a31257b60c30e69515
5,316,yes,40,42,"2AFC IB Experiment - Mack and Rock, 4 Trials, Gray Background, Isoluminant Red or Blue Line Left/Right, Report Color",https://www.mn.perceptionresearch.org/IB_MackRock/E3,Firefox,84,22,1366,768,1366,250646,1/8/21,,5edbdb8d19fa7f8717e17104,5ff86e5257f6ac0626c69670,5ff893534d10520bc42bfeb7